character,weight
的,40529
一,18584
了,18338
是,16552
不,15728
我,15576
在,10112
人,9711
有,9401
这,9297
他,9269
来,7815
个,7790
你,7491
说,6321
上,6278
到,6060
就,5955
着,5881
大,5704
们,5658
道,5597
那,5230
么,5124
也,5009
地,4637
子,4552
下,4504
出,4369
时,4323
看,4230
要,4185
她,4145
中,4046
没,3982
然,3866
里,3860
为,3850
过,3849
自,3825
好,3824
得,3785
去,3783
可,3723
会,3595
天,3580
还,3569
心,3453
后,3447
以,3436
小,3362
都,3341
和,3293
对,3263
想,3234
能,3125
起,3065
之,2830
手,2674
而,2673
只,2660
生,2616
什,2543
身,2539
头,2535
样,2512
事,2491
多,2432
己,2406
家,2395
面,2387
知,2316
开,2289
如,2269
无,2200
现,2192
很,2104
点,2095
前,2090
发,2079
经,2066
情,2043
把,2000
老,1982
些,1976
话,1972
已,1960
又,1954
声,1933
意,1932
于,1904
回,1900
笑,1884
所,1861
但,1846
眼,1841
成,1832
方,1828
年,1825
见,1823
当,1810
女,1771
真,1746
两,1739
力,1737
气,1700
从,1671
用,1670
长,1633
动,1618
间,1616
国,1613
走,1590
让,1580
被,1579
给,1548
正,1545
问,1527
打,1518
明,1508
儿,1501
法,1474
才,1461
几,1454
行,1452
三,1447
定,1442
此,1435
进,1425
再,1412
种,1398
将,1385
实,1378
同,1377
最,1360
本,1358
向,1354
分,1353
十,1352
学,1352
高,1351
第,1347
感,1332
怎,1327
神,1322
听,1290
边,1289
作,1284
其,1273
吧,1265
却,1252
口,1251
觉,1249
啊,1246
因,1229
白,1223
次,1215
军,1198
做,1187
外,1177
门,1176
光,1151
风,1145
主,1135
住,1114
果,1109
与,1108
全,1098
二,1092
候,1087
公,1082
相,1073
吗,1068
等,1054
别,1053
色,1047
死,1042
张,1041
部,1038
太,1033
日,1024
少,1022
战,1013
理,1002
直,1002
重,1001
王,996
像,992
脸,972
比,971
快,969
何,959
水,957
名,950
体,948
呢,944
东,939
叫,937
西,937
应,936
便,914
放,911
马,911
难,909
轻,906
更,897
美,891
位,886
关,882
机,880
接,880
先,875
文,862
处,856
并,855
望,855
常,855
完,855
四,841
飞,839
师,833
者,832
安,832
清,826
刚,822
跟,815
月,814
信,805
山,804
爱,798
内,795
龙,795
空,788
带,785
找,777
原,776
入,775
李,770
连,765
吃,761
场,760
平,758
思,757
林,756
变,752
使,745
由,737
受,731
亲,731
命,720
目,719
强,717
男,713
任,713
该,711
路,705
车,704
今,704
海,703
加,700
远,694
活,693
特,692
解,691
电,689
世,687
性,687
表,686
许,684
它,684
立,681
黑,680
金,680
红,675
花,672
转,672
总,670
算,665
城,663
队,661
孩,659
反,658
工,654
始,653
满,652
新,649
兵,646
物,645
离,643
非,642
虽,638
云,635
似,633
万,632
至,631
干,630
通,625
认,624
失,622
火,621
哥,619
士,619
五,616
惊,612
魔,611
竟,611
姐,610
乎,609
剑,606
往,602
量,601
早,599
结,596
怕,587
流,587
突,582
坐,582
斯,582
音,579
紧,579
指,578
拉,577
杀,577
半,576
记,576
且,575
利,574
合,571
倒,571
书,570
度,570
微,570
步,567
教,564
喜,563
越,563
影,562
谁,560
冷,560
深,558
告,555
落,555
象,548
容,546
怪,546
传,545
钱,544
提,540
言,540
随,535
每,534
双,532
服,532
击,532
武,528
哪,526
数,523
站,523
奇,517
房,516
管,515
灵,515
刻,515
题,514
衣,513
周,512
静,510
伤,510
百,507
拿,505
妈,503
办,503
星,503
化,501
功,498
绝,496
系,496
般,495
必,495
业,494
尔,493
件,492
血,491
代,491
精,491
弟,490
终,489
近,487
条,487
青,481
界,481
司,480
整,480
欢,478
字,477
晚,476
民,475
帮,474
切,474
即,474
忙,473
交,473
或,472
暗,469
夫,469
员,467
根,466
石,466
哈,463
夜,462
父,461
制,458
友,458
阿,456
息,455
冲,454
酒,454
保,452
片,452
形,452
阵,451
南,451
决,451
请,451
各,450
报,450
兴,450
阳,447
急,447
语,444
令,443
错,442
及,442
刘,439
极,438
识,435
备,433
慢,432
雪,432
苦,426
若,426
领,426
收,425
底,424
尽,424
准,424
华,421
答,419
众,419
千,418
消,417
视,414
罗,412
敢,412
留,410
克,409
乐,409
够,404
跑,404
显,402
嘴,401
官,400
断,400
未,399
势,398
句,397
求,395
计,393
论,392
达,390
则,390
害,389
八,389
单,389
久,388
脚,387
德,386
元,385
脑,383
楚,383
雨,382
睛,381
响,381
刀,381
确,380
玉,380
沉,378
北,378
格,377
停,376
陈,376
市,375
朝,373
喝,372
族,372
江,371
团,369
母,369
章,367
装,366
亮,365
客,365
照,364
乱,364
易,363
足,358
依,358
黄,357
修,357
破,356
台,356
球,354
呀,354
院,354
送,352
包,351
义,351
诉,351
攻,350
丝,348
围,347
玩,347
待,347
复,345
况,345
楼,344
丽,344
痛,344
梦,342
呼,341
摇,341
期,341
英,340
低,340
帝,338
兄,338
背,338
持,337
爷,337
皇,337
七,336
六,334
穿,334
杨,333
政,333
运,332
居,330
叶,329
热,329
校,328
谢,328
曾,327
古,327
细,325
产,325
睡,324
希,323
速,323
室,323
旁,321
另,320
怀,319
露,319
异,319
写,318
鬼,318
娘,318
取,317
式,316
除,316
级,315
考,315
建,315
愿,314
招,312
饭,311
布,311
续,311
程,311
首,310
观,310
朋,310
务,309
掉,308
赶,308
忽,308
注,307
术,305
甚,303
差,302
呵,300
展,300
争,299
品,298
兰,297
宝,297
香,296
斗,296
故,295
雷,295
念,294
段,294
顿,293
角,293
疑,293
护,290
闪,290
木,288
需,286
调,285
类,285
妹,285
爸,285
线,284
左,283
游,283
派,282
谈,282
激,281
冰,281
敌,281
跳,280
支,280
约,277
巴,275
您,275
顾,275
肯,275
醒,275
铁,273
抱,273
淡,273
造,273
伙,273
资,272
群,271
集,271
联,271
商,271
号,270
节,269
讲,269
掌,268
赵,267
密,266
九,266
病,266
卫,265
米,265
威,265
继,265
渐,265
统,265
追,264
亚,264
简,264
练,264
基,262
选,262
推,261
改,261
退,260
味,260
份,260
举,259
示,259
忍,259
历,259
器,257
恐,257
引,257
试,257
皮,256
习,256
靠,256
导,256
存,255
莫,255
志,255
区,255
汉,255
右,254
严,253
态,252
买,251
幸,251
社,251
佛,250
议,250
树,250
止,249
块,248
守,247
毛,247
挥,246
胡,246
散,246
板,245
仅,245
隐,245
怒,245
床,245
苏,245
料,244
股,243
局,242
班,242
图,240
岁,240
礼,240
独,240
初,240
福,239
顺,239
狂,239
默,239
巨,239
既,238
松,238
证,238
烈,238
否,237
恶,237
治,237
缓,237
排,236
费,236
拍,236
耳,236
医,236
寒,236
哭,235
温,235
府,233
担,233
称,232
余,232
钟,231
泪,231
烟,229
仍,228
具,228
忘,228
恩,228
毕,228
警,228
蓝,227
宫,227
吸,227
陆,227
究,226
抓,225
压,225
沙,225
救,225
呆,224
河,224
迷,223
枪,223
组,223
权,222
叹,222
孙,221
卷,221
查,219
毫,218
春,218
察,218
圣,217
草,216
较,216
胜,216
遇,215
充,215
史,215
堂,215
防,213
据,213
猛,212
骑,212
土,211
卡,211
助,211
京,210
银,210
贵,210
永,210
质,210
屋,210
须,209
副,209
换,208
刺,207
属,207
闻,207
境,207
禁,207
阴,207
共,207
负,206
弄,206
翻,206
虎,206
层,205
喊,205
逃,204
晓,204
座,204
雅,203
参,203
射,203
婚,203
险,203
君,203
划,203
坚,202
价,202
柔,202
超,202
扬,201
科,201
按,201
狠,201
野,200
秦,200
秘,200
熟,200
置,200
仙,199
模,199
伸,199
波,199
肉,198
假,198
齐,198
舞,198
脱,197
广,197
姑,197
麻,197
投,197
顶,196
致,195
责,195
景,194
营,194
维,194
设,194
坏,192
啦,192
秀,191
败,191
眉,191
州,191
药,190
承,190
案,190
狼,189
专,189
偷,189
画,189
吴,188
店,187
哦,187
弹,187
食,186
欲,185
抬,185
标,185
秋,185
厉,185
良,185
际,185
状,185
烦,184
午,184
摆,183
戏,183
桌,182
船,182
短,181
村,181
某,180
摸,180
付,180
演,179
规,179
萧,179
封,179
握,179
田,179
唐,178
藏,178
震,178
混,178
虚,177
透,177
纪,176
凌,176
休,176
嘛,176
梅,175
紫,175
歌,175
临,174
毒,174
宗,173
著,173
索,173
印,172
寻,172
湖,172
劲,172
职,172
技,171
恨,171
婆,171
杰,171
羽,169
咱,169
素,168
凡,168
值,168
飘,168
养,168
嘿,168
普,167
宁,166
吓,166
兽,166
夏,165
读,165
街,165
牛,165
仿,165
胸,164
浪,164
富,164
尚,164
宇,163
骨,163
智,163
纷,162
升,161
叔,161
善,160
弱,160
架,160
卖,160
袋,160
网,160
朱,159
骂,159
雄,159
赛,158
略,158
杯,158
施,158
墙,158
环,158
罪,158
牙,158
窗,157
柳,156
厅,156
搞,156
端,155
洞,155
适,155
拥,155
释,155
洋,154
肩,154
魂,153
闹,153
蒙,153
洗,152
灯,152
借,152
伯,152
免,152
菜,152
验,152
凤,151
鱼,151
徐,151
型,150
娜,150
暴,150
亡,150
讨,148
辈,148
懂,148
腿,148
灭,147
妙,147
效,147
危,147
优,147
盘,147
套,146
丁,146
趣,146
妖,146
束,146
杂,146
诗,146
迎,145
舍,145
旧,144
彩,144
委,144
挂,144
笔,144
狗,144
鲜,143
纸,143
抗,143
探,143
韩,143
尼,143
控,143
惜,143
珠,143
抽,142
创,142
归,142
挺,142
奋,142
陪,141
硬,141
避,141
园,140
托,140
训,140
勇,140
聊,139
奶,139
庄,139
奔,139
镇,139
拳,139
采,139
研,138
配,138
介,137
尊,137
冒,136
虑,135
敬,134
丹,134
舒,134
蛋,134
哼,134
宋,134
济,134
妇,134
箭,133
择,133
犯,133
欣,133
甲,133
欧,133
课,133
扑,133
菲,133
燕,132
曲,131
躲,131
玄,131
幻,131
茶,131
折,130
伊,130
傻,130
姓,130
源,130
洛,130
遍,130
臣,130
弃,130
犹,130
占,129
漂,129
挑,129
获,129
绿,129
峰,129
俊,129
疯,128
列,128
森,128
妻,128
恋,128
误,128
拜,128
伟,127
移,127
纳,127
党,127
罢,127
腰,127
巧,127
孤,127
闭,127
圆,126
碰,126
镜,126
软,126
厚,125
累,125
昨,125
幽,125
悲,125
丈,125
牌,124
降,124
颜,124
劳,124
偏,124
省,124
糊,124
馆,124
烧,124
谓,124
财,124
舰,124
汗,123
奈,123
操,123
迹,123
尸,123
悄,123
残,122
尖,122
鲁,122
锋,122
圈,122
油,121
俩,121
项,121
撞,121
瞬,121
忆,121
盖,120
尤,120
徒,120
乡,120
概,119
户,119
荡,119
艺,119
增,119
祖,118
困,118
殿,118
迅,118
横,118
范,118
律,117
番,117
企,117
惨,117
限,117
聚,117
含,117
凭,116
剧,116
碎,116
躺,115
缘,115
凉,115
腾,115
织,115
抢,115
预,115
沈,115
替,115
孔,115
批,114
康,114
惑,114
唯,114
率,114
惯,114
登,113
互,113
盯,113
稍,113
宣,113
唱,113
诚,113
剩,113
咬,112
育,112
诸,112
触,112
晨,112
策,112
疼,112
漫,112
材,112
补,111
私,111
吐,111
纯,111
艾,111
贝,111
谷,111
庭,111
挡,111
晃,111
吉,111
吹,110
仔,110
仇,110
凝,110
鼓,109
农,109
席,109
征,109
帅,109
附,109
缺,109
塞,108
豪,108
亦,108
杜,108
努,107
判,107
谋,107
胆,107
尘,107
扎,107
滚,107
闷,107
迟,107
稳,107
翼,107
诺,107
闲,106
灰,106
朵,106
盛,106
梁,106
晶,106
餐,105
爆,105
伦,105
娇,105
侧,104
愣,104
鼻,104
轮,103
昏,103
抖,103
陷,103
敏,103
词,103
慌,103
愤,102
怜,102
颤,102
阶,102
苍,102
距,101
郑,101
川,101
扫,101
逼,101
县,101
忧,101
童,101
执,100
丢,100
荣,100
臂,100
逐,100
傲,100
戴,100
芒,100
庆,99
伴,99
袭,99
供,99
积,99
测,99
遥,99
阻,98
例,98
睁,98
岛,98
遗,98
瞪,98
慕,98
皱,98
博,98
幕,98
猜,97
益,97
净,97
泽,97
炼,97
监,97
鸡,97
珍,96
伏,96
绍,96
曹,96
爬,96
丫,96
炸,96
壁,96
涌,96
凶,96
郎,96
宿,95
怨,95
醉,95
拼,95
迫,95
革,95
瞧,95
奥,95
输,94
莉,94
忠,94
颗,94
嗯,94
佳,94
旅,94
仁,94
鸟,94
骗,94
浩,94
塔,93
胖,93
绪,93
枫,93
拔,93
赞,93
炮,92
傅,92
凯,92
邪,92
芳,92
浑,92
夺,92
宽,92
堆,92
裂,92
遭,91
赤,91
旋,91
扭,91
洁,91
浮,91
悉,91
擦,90
慧,90
典,90
赏,90
匆,89
评,89
纵,89
莲,89
雾,89
乌,89
跃,89
壮,89
贴,89
丰,89
隔,89
健,88
辛,88
抵,88
竹,88
彻,88
摩,88
轰,88
编,88
肚,88
插,88
磨,88
哎,87
御,87
耐,87
惧,87
氏,87
辉,87
扶,87
恢,86
貌,86
额,86
述,86
票,86
录,86
拖,86
膀,86
鹰,85
孟,85
递,85
瑞,85
唇,84
暂,84
货,84
琴,84
踪,84
码,84
慰,84
蛇,84
玲,84
晕,84
损,84
轩,84
粗,84
掩,84
屁,84
悠,84
仰,84
零,83
盟,83
途,83
贼,83
洪,83
悟,83
固,83
讶,82
冬,82
滑,82
甜,82
郁,82
琳,82
辆,82
乃,82
猪,81
暖,81
妮,81
挣,81
旦,81
估,81
坦,81
甘,80
佩,80
莱,80
享,80
吼,80
构,80
粉,80
萨,79
吻,79
潜,79
瓶,79
偶,79
戒,79
浓,79
毁,79
销,79
迪,79
拒,79
绕,79
勒,78
朗,78
嘻,78
尾,78
帐,78
废,78
延,78
敲,78
烂,78
曼,78
厌,78
宜,78
羞,78
喂,77
吟,77
滴,77
洲,77
爹,77
艳,77
晴,77
抚,77
缩,77
协,77
央,77
悔,76
肖,76
缠,76
脆,76
痕,76
伍,76
寂,76
启,75
翔,75
薄,75
侯,75
劝,75
郭,74
奴,74
鸣,74
倾,74
彼,74
扔,74
撒,74
豫,74
检,73
针,73
耀,73
痴,73
姆,73
篇,73
椅,73
厂,73
董,73
熊,73
埋,73
乖,73
狐,73
蒋,73
踏,73
隆,73
括,73
潮,73
唉,73
穷,73
聪,73
唤,72
泰,72
版,72
末,72
旗,72
仪,72
焦,72
猫,72
盗,71
侍,71
挤,71
款,71
拾,71
荒,71
姿,71
域,71
搭,71
脉,70
授,70
俗,70
融,70
狱,70
欺,70
访,70
桥,70
锁,70
霸,70
牵,69
池,69
钻,69
港,69
喃,69
廷,69
乘,69
玛,69
奉,69
扯,69
岳,69
减,69
弯,68
夹,68
辞,68
岸,68
岂,68
屈,68
恼,67
哲,67
季,67
召,67
丧,67
尝,67
恭,67
载,67
瘦,67
皆,66
颇,66
茫,66
染,66
肃,66
爽,66
亏,66
吞,66
惹,66
哀,65
乔,65
趁,65
铺,65
脏,65
吕,65
奖,65
倍,65
汤,65
振,65
婷,65
牢,64
扰,64
溜,64
庞,64
臭,64
悦,64
赫,64
赢,64
跪,64
麦,64
枝,64
侠,63
泉,63
劫,63
炎,63
泥,63
赌,63
弓,63
魏,63
罩,63
疾,63
饰,63
符,63
垂,63
映,62
漠,62
脖,62
饮,62
沿,62
懒,62
肤,62
桑,62
堪,62
燃,62
卓,62
祝,62
赖,62
宾,61
贾,61
喘,61
焰,61
吵,61
冥,61
鞋,61
逸,61
均,61
库,61
裤,61
碗,61
航,61
踢,61
姨,60
酸,60
啸,60
龄,60
阁,60
舌,60
箱,60
冯,60
邦,60
钢,60
霞,60
促,60
泡,60
盾,60
羊,59
碧,59
援,59
忌,59
抹,59
倩,59
锐,59
喷,59
拦,59
嘉,59
袖,59
殊,59
辰,59
繁,58
络,58
抛,58
嫁,58
咒,58
撤,58
键,58
湿,58
恰,58
虫,58
审,58
献,58
媚,58
贤,57
葛,57
刹,57
袁,57
摔,57
序,57
筑,57
斜,57
瓦,57
涂,56
湾,56
莎,56
崇,56
猎,56
刑,56
墨,56
娃,56
梯,56
桃,56
豆,56
驾,56
浅,56
径,56
饿,56
疲,56
搬,56
瓜,56
莹,56
滋,56
润,55
铃,55
蛮,55
蒂,55
拨,55
涛,55
予,55
勾,55
惠,55
析,55
砍,55
撑,55
截,55
措,55
币,55
薇,55
愈,54
督,54
酷,54
祥,54
怖,54
侵,54
岩,54
扮,54
糟,54
盈,54
腹,54
斩,53
尺,53
签,53
稀,53
掏,53
夸,53
汽,53
液,53
姬,53
愧,53
汇,53
柱,53
粮,53
堡,53
仗,53
笨,53
奏,53
歉,53
甩,53
怔,53
允,52
竞,52
祸,52
耶,52
爵,52
绩,52
诱,52
呜,51
穴,51
黎,51
租,51
培,51
砸,51
麽,51
井,51
窝,51
弥,51
返,51
匹,51
啥,51
凑,51
奸,51
陌,51
叛,51
核,51
卧,51
幅,50
眨,50
耗,50
洒,50
怡,50
详,50
卢,50
扣,50
哇,50
丑,50
勉,50
孝,50
矛,50
氛,50
衡,50
陶,50
购,50
汪,50
僵,50
疗,49
妃,49
罚,49
棋,49
缝,49
咐,49
躯,49
泛,49
愁,49
搜,49
慈,49
肥,49
笼,48
篮,48
俱,48
惟,48
柜,48
捉,48
悬,48
霍,47
泄,47
咽,47
齿,47
秒,47
勤,47
扩,47
屏,47
霜,47
袍,47
蝶,46
祭,46
厨,46
胁,46
璃,46
劈,46
赚,46
锦,46
尬,46
尴,46
熙,46
寺,46
昌,46
贺,46
巾,46
描,46
捕,45
陵,45
咳,45
扇,45
虹,45
绵,45
撕,45
蔡,45
催,45
彭,45
宠,45
贪,45
辱,45
誓,45
盒,45
寸,45
披,45
搂,44
饶,44
跌,44
欠,44
肌,44
售,44
巡,44
抑,44
纹,44
宏,44
幼,44
萍,44
驻,44
丛,44
亿,44
播,44
俄,44
刃,44
蕾,44
挨,44
仲,44
迈,44
违,44
辩,44
埃,44
艘,43
琪,43
灾,43
僧,43
渡,43
卑,43
雕,43
鼠,43
讯,43
辣,43
刷,43
艰,43
斥,43
裙,43
翠,43
饱,43
掠,43
询,43
勃,43
夕,43
矮,43
瑶,43
赐,42
捏,42
闯,42
姚,42
瑟,42
渴,42
谅,42
昂,42
串,42
沟,42
涉,42
咕,42
驶,42
摄,42
贫,42
辕,42
婉,42
鹏,41
姜,41
碍,41
荷,41
冠,41
魅,41
玫,41
裁,41
坡,41
鸿,41
邓,41
歪,41
乏,41
申,41
割,40
巫,40
衫,40
棒,40
阔,40
泣,40
韦,40
恍,40
贯,40
魄,40
柄,40
患,40
覆,40
蜜,40
婴,40
励,40
锅,40
陛,40
遮,40
帕,39
咖,39
嫌,39
胳,39
挖,39
啪,39
矿,39
凄,39
爪,39
眠,39
穆,39
啡,39
吾,39
坛,39
脾,39
恒,39
屠,39
玻,39
蓉,39
础,38
曰,38
耸,38
膊,38
後,38
逆,38
寿,38
驱,38
猴,38
佣,38
毅,38
舅,38
铜,38
娟,38
眯,38
淫,38
吩,38
匪,38
牧,38
役,38
寄,38
诡,38
纤,38
腐,38
姻,38
晰,37
渊,37
亭,37
邀,37
哄,37
骚,37
墓,37
柯,37
筋,37
崔,37
灿,37
捷,37
淋,37
弗,37
辑,37
棍,37
绳,37
频,37
廊,37
畏,37
歇,37
裹,37
苗,37
盼,37
咯,37
耍,36
煞,36
寝,36
瞒,36
添,36
嫂,36
纠,36
慨,36
嚷,36
驰,36
拐,36
宴,36
津,36
岚,36
浴,36
耻,36
挽,36
页,36
誉,36
牲,36
乳,36
仓,36
逝,36
喉,36
逛,36
樱,36
兼,35
戈,35
哗,35
涯,35
捧,35
铭,35
障,35
摊,35
跨,35
妥,35
揉,35
晋,35
寞,35
寨,35
漆,35
污,35
嘲,35
枚,35
吊,35
乾,35
馨,35
伪,35
嗓,35
呈,35
卿,35
楠,35
籍,35
裸,35
链,35
灌,34
昆,34
畅,34
逍,34
帽,34
阅,34
逗,34
蹲,34
踩,34
窜,34
哑,34
趴,34
逢,34
植,34
媒,34
韵,34
昭,34
尹,34
谦,34
档,34
趟,34
沾,34
兔,34
订,34
朴,34
瞎,34
鞭,34
俺,34
斤,34
翅,33
肠,33
雀,33
慎,33
盆,33
迁,33
镖,33
芬,33
崖,33
丘,33
蠢,33
庙,33
潘,33
颖,33
拓,33
娶,33
纱,33
漏,33
谨,33
珊,33
仆,32
宙,32
尉,32
屑,32
叮,32
捂,32
涩,32
诧,32
柴,32
杆,32
涵,32
坠,32
赔,32
涨,32
嘟,32
崩,32
薛,32
藤,32
税,32
枯,32
译,32
帘,31
糖,31
愉,31
骄,31
羡,31
糕,31
彬,31
愚,31
疏,31
翰,31
堵,31
腕,31
眸,31
芸,31
溪,31
殷,31
谎,31
鼎,31
稿,31
哟,31
冤,31
症,31
棵,30
狄,30
咧,30
湘,30
宛,30
嫩,30
肆,30
宰,30
憾,30
偿,30
腔,30
哩,30
豹,30
瑰,30
鉴,30
绑,30
潇,30
戚,30
郡,30
澡,30
桂,30
兮,30
雯,30
颠,30
狮,30
邻,30
契,30
骇,30
卜,30
揭,30
妄,30
坑,29
伐,29
矩,29
烁,29
葬,29
诀,29
鄙,29
鹿,29
柏,29
溃,29
朕,29
舟,29
妆,29
躁,29
霉,29
侦,29
冻,29
娅,29
庸,29
筹,28
削,28
砰,28
耿,28
牺,28
筒,28
遂,28
旭,28
胎,28
惶,28
淑,28
叉,28
痒,28
竖,28
龟,28
斑,28
儒,28
嫣,28
宅,28
押,28
胃,27
旨,27
册,27
膝,27
浸,27
弦,27
栏,27
衷,27
刮,27
艇,27
岗,27
赴,27
囊,27
斧,27
颊,27
疆,27
炉,27
塌,27
乞,27
旺,27
烤,27
黛,27
逊,27
贱,27
辨,27
狸,27
叙,27
愕,27
叠,26
遣,26
晌,26
麟,26
腥,26
粒,26
拟,26
俏,26
杖,26
芝,26
夷,26
衬,26
佐,26
巷,26
捡,26
遵,26
塑,26
桶,26
泼,26
滩,26
琼,26
昊,26
帆,26
搏,26
颈,26
噢,26
蹦,26
寡,26
贞,26
凰,26
哨,26
拆,26
茹,26
劣,26
嘱,25
沃,25
厢,25
摘,25
咋,25
坤,25
俯,25
媳,25
赋,25
嘶,25
贡,25
碌,25
匙,25
拢,25
谭,25
翁,25
辜,25
竭,25
廉,25
械,25
贸,25
辅,25
讽,25
呐,25
斌,25
辽,25
填,25
窃,25
抄,25
溢,25
妒,25
吁,25
嗦,25
掀,25
芙,24
祈,24
栋,24
吱,24
撇,24
胞,24
轿,24
禅,24
妨,24
拂,24
倦,24
衰,24
靖,24
循,24
挪,24
蓬,24
惩,24
垃,24
账,24
驳,24
署,24
甫,24
顽,24
姥,24
圾,24
熬,24
枕,24
丐,24
茜,24
咦,23
厕,23
攀,23
彤,23
妍,23
拽,23
荆,23
妓,23
壶,23
於,23
寇,23
鹤,23
钥,23
骤,23
渺,23
刊,23
肢,23
烛,23
孕,23
绽,23
彦,23
棉,23
俘,23
盔,23
剪,23
诞,23
兜,23
凛,23
岭,23
嚣,23
溅,23
笛,23
舱,23
罕,23
鸭,23
债,23
噬,23
钉,23
躬,23
倚,22
缕,22
咚,22
撼,22
蕊,22
侄,22
佑,22
雁,22
隶,22
践,22
拱,22
沐,22
菊,22
蜂,22
裕,22
兆,22
搅,22
尿,22
黯,22
歹,22
蓄,22
朦,22
嘀,22
怯,22
叨,22
纽,22
聘,22
腻,22
剥,22
彪,22
沸,22
氓,22
榜,22
逻,22
壳,22
储,22
憋,21
啤,21
匠,21
悍,21
昧,21
泊,21
篷,21
烫,21
狡,21
轨,21
汹,21
携,21
磊,21
隙,21
仑,21
摧,21
瞄,21
胧,21
趋,21
挠,21
煌,21
擅,21
卒,21
饼,21
狭,21
丸,21
惫,21
瞅,21
犬,21
砖,21
矣,21
楞,21
昔,21
裳,21
骆,21
雇,20
阎,20
骷,20
鸦,20
妞,20
墅,20
焚,20
谱,20
绘,20
梳,20
肿,20
魁,20
耽,20
擒,20
陡,20
璋,20
茂,20
蹄,20
瞥,20
瞳,20
髅,20
绣,20
硕,20
肺,20
兹,20
炒,20
邮,20
弘,20
嫉,20
届,20
嗡,20
娱,20
喧,19
脂,19
膛,19
沧,19
疚,19
盐,19
扁,19
搁,19
茅,19
滔,19
坟,19
掐,19
瑜,19
邱,19
桐,19
茵,19
苹,19
旷,19
翘,19
郝,19
蓦,19
诈,19
沫,19
菁,19
粹,19
琢,19
腊,19
钦,19
喻,19
宪,19
锻,19
睹,19
郊,19
饥,19
侃,19
粘,19
媛,19
谊,19
恳,19
厮,19
锤,19
凳,19
淮,19
蔽,19
聂,19
贩,18
潭,18
翩,18
呻,18
枉,18
拘,18
煮,18
焉,18
址,18
匕,18
渗,18
览,18
敦,18
厦,18
蕴,18
冉,18
薪,18
呃,18
峻,18
荐,18
栽,18
嚎,18
汁,18
傍,18
秃,18
磕,18
禀,18
珑,18
坎,18
邵,18
萌,18
窄,18
阮,18
蹈,18
碑,18
婶,18
煤,18
寓,17
栈,17
滞,17
倘,17
杭,17
暇,17
狈,17
峡,17
侣,17
芦,17
蔓,17
蒸,17
禄,17
胀,17
醋,17
淌,17
伞,17
姊,17
钩,17
衍,17
妾,17
嘎,17
蜀,17
蝴,17
萝,17
莽,17
弩,17
祷,17
稚,17
圳,17
徽,17
衙,17
咸,17
陋,17
奢,17
罐,17
霄,17
毙,17
汝,17
敞,17
暮,17
嘘,17
灼,17
澜,17
姗,17
倪,17
挫,17
咪,16
钧,16
捣,16
燥,16
泳,16
眶,16
乙,16
澈,16
焕,16
酬,16
筷,16
宵,16
缚,16
揪,16
蚁,16
喇,16
丞,16
拎,16
棠,16
咙,16
梭,16
哧,16
棺,16
璇,16
瀚,16
肝,16
敛,16
剂,16
疤,16
渔,16
嗔,16
沮,16
廖,16
虏,16
皓,16
勋,16
恕,16
虐,16
虞,16
综,16
瘾,16
驴,16
晒,16
卦,16
迦,16
陀,15
窥,15
堕,15
哆,15
葡,15
帖,15
垫,15
屡,15
鹅,15
蛛,15
盲,15
碟,15
狞,15
囚,15
诊,15
揽,15
裴,15
捞,15
吏,15
铮,15
萄,15
盏,15
霆,15
喔,15
贷,15
勿,15
吭,15
淘,15
辟,15
蔑,15
淹,15
麒,15
喽,15
栗,15
绷,15
惚,15
桓,15
坊,15
桩,15
嗽,15
履,15
璐,15
菩,15
巢,15
畜,15
兀,15
樊,15
锡,15
棚,15
仕,15
倏,15
芹,14
僻,14
絮,14
杏,14
浆,14
瘫,14
啧,14
磁,14
冈,14
逮,14
搓,14
赠,14
胶,14
脊,14
噩,14
绰,14
呕,14
嚼,14
谐,14
歼,14
揣,14
殖,14
拧,14
伺,14
霖,14
驼,14
襄,14
衔,14
惕,14
掷,14
卸,14
炽,14
敖,14
惭,14
框,14
捆,14
眩,14
蝉,14
谜,14
炫,14
塘,14
阱,14
膜,14
亨,14
奕,14
蚂,14
猩,14
滨,14
沁,14
跋,13
藩,13
舔,13
捐,13
歧,13
隋,13
蹭,13
甄,13
蜡,13
嗤,13
缸,13
嬉,13
哮,13
熄,13
窍,13
俞,13
豁,13
垒,13
掘,13
琦,13
屎,13
乍,13
孽,13
毯,13
弧,13
槐,13
铠,13
挟,13
襟,13
梨,13
嗅,13
祁,13
纲,13
渠,13
矢,13
捅,13
扛,13
朽,13
忖,13
匈,13
扒,13
雍,13
莺,13
侮,13
闺,13
霓,13
稽,13
斋,13
夭,13
沦,13
揍,13
瞟,13
苟,13
琉,13
漪,13
暑,13
窟,13
钓,13
鳞,13
瓷,13
萱,13
株,13
倭,13
鞘,13
沛,13
噜,12
绞,12
颓,12
睿,12
噗,12
唔,12
幢,12
喀,12
诅,12
涕,12
拣,12
谣,12
叽,12
葱,12
拭,12
婢,12
铸,12
绮,12
剿,12
胤,12
秩,12
畔,12
粥,12
奎,12
绸,12
茨,12
熏,12
蹬,12
诏,12
岔,12
叭,12
咆,12
滥,12
梧,12
垮,12
澳,12
浙,12
甸,12
绯,12
诛,12
鲍,12
刁,12
厥,12
蚊,12
鞠,12
歆,12
拙,12
茗,12
眷,11
戮,11
唬,11
骏,11
扳,11
踹,11
漓,11
蝇,11
擂,11
涡,11
沌,11
凸,11
蚩,11
酿,11
唾,11
琐,11
犀,11
澄,11
哉,11
猾,11
煎,11
窒,11
虾,11
蝠,11
钞,11
瓣,11
唧,11
觑,11
哽,11
娥,11
婿,11
讪,11
耕,11
葫,11
暧,11
浇,11
嗨,11
诵,11
疫,11
兢,11
箫,11
颅,11
啼,11
绅,11
杉,11
嗜,11
券,11
遁,11
炯,11
霎,11
讥,11
迭,11
彷,11
觅,11
娴,11
抿,11
剔,11
稻,11
敷,11
泻,11
怠,11
龚,11
绒,11
讳,11
勺,11
函,11
喳,11
颂,11
搀,11
撩,11
擎,11
巍,11
脯,10
镶,10
寥,10
漾,10
缴,10
藉,10
弊,10
逞,10
膏,10
戳,10
呛,10
凹,10
叩,10
禽,10
懊,10
懈,10
蛟,10
亢,10
呸,10
芊,10
慑,10
跺,10
跄,10
蚀,10
栖,10
蔚,10
铲,10
坪,10
筝,10
顷,10
腮,10
踉,10
狰,10
踱,10
嗖,10
苑,10
秉,10
猿,10
堤,10
佟,10
悯,10
唠,10
憨,10
肘,10
拇,10
僚,10
霹,10
婕,10
禹,10
啃,10
匀,10
晖,10
怅,10
聋,10
拯,10
忿,10
韧,10
邹,10
梢,10
肋,10
窘,10
嵌,10
婪,10
辖,10
浦,10
炭,10
曦,10
簇,10
螺,10
酱,10
屯,10
悴,10
匡,10
冀,10
橙,10
倔,10
陕,9
筱,9
叱,9
髓,9
淳,9
矜,9
詹,9
菱,9
芷,9
惺,9
浊,9
囔,9
朔,9
憔,9
睫,9
睬,9
鸽,9
臀,9
吨,9
笙,9
戟,9
沼,9
谍,9
昕,9
蛊,9
煜,9
祀,9
罡,9
伶,9
荫,9
酥,9
懦,9
厄,9
峨,9
轴,9
伽,9
雳,9
卵,9
捶,9
檐,9
棘,9
嗣,9
钗,9
袜,9
妩,9
炕,9
偎,9
窦,9
蝎,9
溶,9
幺,9
膨,9
峙,9
缉,9
徊,9
呗,9
衅,9
砂,9
舵,9
昼,9
迸,9
斟,9
舆,9
椒,9
靓,9
旬,9
厘,9
窑,9
萎,9
涟,9
疙,9
芠,9
瘩,9
梵,9
靴,9
侥,9
匿,9
挚,9
镯,9
兑,9
尧,9
徘,9
芽,9
狙,9
闵,9
辫,8
瀑,8
嗷,8
庐,8
芯,8
禾,8
澎,8
邢,8
绊,8
蜘,8
憎,8
靡,8
褚,8
湛,8
蒲,8
嚓,8
珂,8
崽,8
贬,8
惮,8
婵,8
嗒,8
悸,8
晦,8
涅,8
恬,8
慷,8
穹,8
渣,8
屉,8
缭,8
绢,8
嬴,8
袱,8
黝,8
袅,8
淇,8
茄,8
寅,8
赦,8
悻,8
祟,8
榻,8
蛙,8
苇,8
嵩,8
茉,8
唰,8
咏,8
凿,8
粪,8
噪,8
菌,8
蝙,8
庶,8
邸,8
晟,8
禧,8
攒,8
旱,8
虔,8
琛,8
榴,8
漱,8
忑,8
匣,8
忐,8
谬,8
蟒,8
棱,8
钝,8
悚,8
廓,8
惘,8
漉,8
蟹,8
佬,8
曳,8
赎,8
壤,8
忡,8
倡,8
冶,8
姝,8
筠,8
竿,8
蜷,8
癌,8
嘈,8
蚕,8
剖,8
颁,7
缀,7
汀,7
谕,7
牡,7
斐,7
懵,7
皙,7
缪,7
蔷,7
诫,7
恤,7
咄,7
馒,7
矫,7
痞,7
橘,7
氧,7
贿,7
肮,7
瑾,7
璧,7
烙,7
攘,7
攥,7
汰,7
溺,7
铅,7
咔,7
芭,7
戎,7
褐,7
巩,7
吆,7
彰,7
漩,7
聆,7
蒜,7
棕,7
鹃,7
帜,7
鄂,7
搐,7
蔼,7
怦,7
穗,7
亩,7
撰,7
绎,7
牟,7
咨,7
奄,7
梓,7
绚,7
阀,7
烘,7
炙,7
翎,7
惋,7
驯,7
栩,7
逾,7
墟,7
鬟,7
茬,7
褪,7
鑫,7
骸,7
峭,7
缅,7
灶,7
洽,7
祯,7
暄,7
裔,7
韶,7
缎,6
砚,6
锥,6
辙,6
惦,6
铛,6
枣,6
桦,6
邃,6
橱,6
搔,6
腑,6
萤,6
枢,6
遏,6
募,6
憬,6
庵,6
叼,6
嫖,6
苛,6
锣,6
蹑,6
拌,6
奠,6
秽,6
殴,6
喋,6
糙,6
貂,6
揖,6
葵,6
榆,6
颐,6
皂,6
眈,6
扼,6
眺,6
孜,6
簌,6
玺,6
偌,6
蹿,6
蓓,6
弛,6
庇,6
檀,6
枭,6
螂,6
趾,6
崭,6
妲,6
掂,6
醇,6
掺,6
驿,6
槽,6
惬,6
镰,6
抡,6
憧,6
删,6
鸳,6
酣,6
宦,6
筐,6
琅,6
瞻,6
焱,6
飙,6
湃,6
俨,6
跷,6
栅,6
撅,6
煽,6
呱,6
缰,6
猝,6
衮,6
肴,6
殆,6
谴,6
蔬,6
飒,6
婧,6
阐,6
荧,6
侈,6
霏,6
瘟,6
芜,6
俭,6
崎,6
亥,6
俐,6
屿,6
譬,6
饺,6
垄,6
畴,6
杠,6
鬓,6
讼,6
晏,6
弈,6
鞍,6
瘸,6
钮,6
珏,6
钰,6
傀,6
噔,6
驭,6
靶,6
萦,6
韬,6
恙,6
懿,6
竺,6
吝,6
羁,6
荀,5
癫,5
嘭,5
菇,5
恃,5
瘪,5
儡,5
踌,5
呦,5
榕,5
昵,5
躇,5
烬,5
啰,5
酌,5
丙,5
涎,5
哒,5
冽,5
鸾,5
砌,5
烨,5
翟,5
辗,5
噎,5
驹,5
噼,5
咎,5
亵,5
陨,5
蠕,5
冕,5
雌,5
茸,5
瑛,5
剃,5
掰,5
蹙,5
橡,5
佯,5
笃,5
崛,5
勘,5
稼,5
桀,5
渝,5
拚,5
汐,5
锈,5
磅,5
壕,5
娄,5
撮,5
玑,5
祠,5
鹫,5
娲,5
黏,5
珀,5
睽,5
栓,5
绫,5
阑,5
邑,5
瑕,5
磋,5
粟,5
薯,5
沪,5
讷,5
岑,5
炜,5
玮,5
娼,5
迂,5
伎,5
鲸,5
翡,5
坝,5
铐,5
洼,5
蹊,5
寐,5
肾,5
鸯,5
這,5
敝,5
涧,5
崆,5
甭,5
笠,5
扈,5
哝,5
芮,5
卉,5
靳,5
诬,5
札,5
婊,5
裘,5
扉,5
疮,5
巅,5
坞,5
膳,5
剌,5
鳄,5
捺,5
悼,5
茧,5
毋,5
曙,5
馅,5
簸,5
忒,5
妳,5
叟,5
拴,5
嬷,5
稣,5
痹,5
垣,5
蛤,5
谏,5
羹,5
沥,5
蛾,5
瑚,5
個,5
熔,5
惆,5
雏,5
饷,5
拗,5
燎,5
熠,5
薰,5
蕃,5
捋,5
籁,5
髦,5
飓,4
簿,4
迢,4
汩,4
闸,4
狩,4
鲨,4
蜥,4
惴,4
胯,4
侨,4
劭,4
烹,4
咣,4
攸,4
锄,4
硝,4
颔,4
鸥,4
滕,4
寰,4
紊,4
蕉,4
稠,4
蟆,4
垢,4
楷,4
炊,4
忻,4
炳,4
腆,4
褒,4
酋,4
赃,4
拈,4
抒,4
孰,4
袄,4
褂,4
孺,4
胭,4
赘,4
嫡,4
礁,4
珉,4
啜,4
钳,4
晾,4
茎,4
隧,4
窿,4
骋,4
嫦,4
槛,4
掳,4
莞,4
瓢,4
曜,4
锯,4
猖,4
遐,4
蹋,4
飕,4
麾,4
渍,4
猥,4
篝,4
殉,4
枷,4
蜒,4
皎,4
霁,4
诩,4
窖,4
咫,4
檬,4
乒,4
奚,4
淤,4
溯,4
凋,4
纺,4
篱,4
泌,4
刨,4
樵,4
忏,4
盎,4
戾,4
咀,4
屹,4
挎,4
羔,4
殃,4
庚,4
淼,4
淀,4
隘,4
绛,4
缨,4
焘,4
璨,4
跤,4
锵,4
摁,4
痊,4
嫔,4
來,4
臻,4
泯,4
糜,4
睦,4
喵,4
缥,4
褥,4
魇,4
汶,4
馋,4
渎,4
蜿,4
抠,4
诶,4
墩,4
棣,4
沓,4
喏,4
诲,4
琶,4
缈,4
缔,4
酝,4
耷,4
弼,4
柬,4
浏,4
拷,4
剁,4
柿,4
琵,4
沂,4
蕙,4
捻,4
帛,4
柠,4
饵,4
撂,4
娓,4
乓,4
轲,4
髯,4
娉,4
圭,4
璀,4
苔,4
肪,4
吮,4
瞩,4
啄,4
帷,4
箍,4
蟑,4
炖,4
梗,4
捎,4
瞿,4
嗬,4
蘑,4
唏,4
鹊,4
矶,4
羌,4
骼,4
筛,4
鲤,4
羲,4
祺,4
馈,4
伫,4
羿,4
苞,4
犁,4
铎,4
啬,4
舷,4
矗,4
癖,4
掣,4
匾,4
谧,4
瀛,4
珞,4
衲,4
毓,4
恺,4
纬,4
惰,4
嘤,4
诣,4
谛,4
藻,4
啷,4
佘,3
黠,3
饲,3
虬,3
涤,3
骡,3
钵,3
邯,3
笋,3
瑀,3
芥,3
醺,3
佼,3
舜,3
龌,3
簪,3
痰,3
蹂,3
恻,3
簧,3
甥,3
腼,3
驮,3
缤,3
潺,3
獠,3
筏,3
锭,3
阙,3
粤,3
瞌,3
髻,3
琏,3
龊,3
椎,3
唆,3
煦,3
嵋,3
幡,3
翌,3
毡,3
碳,3
鸨,3
闽,3
躏,3
蜓,3
咻,3
捍,3
睨,3
鼾,3
桔,3
娆,3
抉,3
玟,3
蜻,3
徨,3
嗲,3
碾,3
哐,3
粼,3
啐,3
谑,3
嚏,3
甬,3
鳖,3
榨,3
倜,3
稷,3
妤,3
篡,3
晤,3
肇,3
咂,3
帚,3
瘤,3
瞠,3
嚅,3
怆,3
镔,3
撵,3
裆,3
腺,3
骁,3
坷,3
箐,3
螃,3
冢,3
锢,3
晁,3
濒,3
蝗,3
烽,3
辘,3
莘,3
撬,3
澹,3
瓮,3
亘,3
钊,3
篓,3
缇,3
宸,3
泓,3
鞑,3
胄,3
羚,3
绥,3
笺,3
荤,3
迄,3
踞,3
桨,3
慵,3
噤,3
幌,3
荻,3
跚,3
袒,3
浣,3
榄,3
痪,3
荼,3
晗,3
阉,3
腋,3
骰,3
曝,3
涮,3
踵,3
炬,3
涣,3
俟,3
皑,3
瞑,3
渲,3
擞,3
赂,3
湮,3
麓,3
铿,3
埔,3
峦,3
噘,3
涓,3
掬,3
莓,3
怏,3
萃,3
呲,3
蹒,3
鳌,3
睐,3
昱,3
旌,3
摞,3
們,3
吠,3
濮,3
卞,3
琬,3
谙,3
啕,3
轶,3
搪,3
陇,3
纨,3
膺,3
皋,3
霭,3
呓,3
橄,3
纶,3
垛,3
嗫,3
盅,3
拄,3
踝,3
臧,3
淅,3
岌,3
岱,3
璞,3
缄,3
秧,3
翱,3
卤,3
逅,3
靥,3
磐,3
壑,3
斓,3
翊,3
挛,3
琰,3
叁,3
佗,3
阖,3
戬,3
怂,3
汲,3
垠,3
迥,3
咛,3
邂,3
杞,3
痘,3
臊,3
藕,3
湄,3
媲,3
癞,3
辄,3
獒,3
恪,3
砾,3
痉,3
吒,3
蜕,3
椰,3
仨,3
纣,3
馁,3
镐,3
蜈,3
窈,2
說,2
秤,2
桢,2
粱,2
辐,2
悖,2
涔,2
偕,2
渭,2
汴,2
蜴,2
桅,2
隅,2
卯,2
骜,2
孚,2
禺,2
琥,2
阚,2
杵,2
掖,2
畸,2
晔,2
婀,2
菡,2
噶,2
昙,2
坍,2
俑,2
滤,2
侏,2
潦,2
挲,2
覃,2
硫,2
俸,2
蟠,2
弋,2
梆,2
驸,2
馀,2
笈,2
忱,2
恿,2
胥,2
垦,2
滢,2
窕,2
滇,2
珅,2
邬,2
圃,2
咿,2
徙,2
瘴,2
舫,2
嗝,2
泞,2
藐,2
赣,2
鹦,2
逵,2
戍,2
榭,2
牠,2
揩,2
熹,2
蟾,2
霾,2
蔫,2
跛,2
岐,2
脐,2
糗,2
螳,2
哺,2
鹭,2
蚣,2
炀,2
嵬,2
褶,2
恸,2
隽,2
飚,2
玥,2
籽,2
釜,2
剐,2
鸠,2
磷,2
沒,2
娑,2
谄,2
巳,2
恣,2
猬,2
酪,2
溟,2
丕,2
隼,2
峒,2
芋,2
觊,2
旖,2
筵,2
娣,2
婠,2
盹,2
涸,2
劾,2
颌,2
趔,2
殇,2
噌,2
轧,2
沽,2
愫,2
鸢,2
龇,2
玷,2
掸,2
趄,2
溥,2
疵,2
皖,2
邺,2
杳,2
聿,2
镀,2
祎,2
鹉,2
匍,2
崴,2
岖,2
幔,2
蝈,2
雒,2
镑,2
臆,2
偃,2
蜗,2
瞰,2
侬,2
郸,2
搡,2
缆,2
袂,2
楮,2
麼,2
诠,2
洵,2
犊,2
摹,2
蟀,2
邋,2
瓒,2
苻,2
荦,2
竣,2
骥,2
泗,2
痣,2
贲,2
胴,2
潼,2
弑,2
匐,2
姣,2
谤,2
蘸,2
蟋,2
渥,2
浒,2
蛐,2
阂,2
糯,2
愠,2
嵇,2
谒,2
绾,2
舀,2
呤,2
噙,2
槟,2
嘣,2
诃,2
宓,2
脓,2
樟,2
忪,2
蛰,2
咤,2
捱,2
阜,2
峥,2
濡,2
遢,2
瑙,2
碉,2
荃,2
孵,2
讹,2
嗵,2
彝,2
颀,2
苓,2
咝,2
臾,2
篆,2
椭,2
沏,2
颦,2
蛆,2
淆,2
揄,2
嗑,2
辎,2
踮,2
犷,2
荔,2
鳅,2
會,2
闫,2
徵,2
隗,2
渤,2
馍,2
锏,2
楣,2
蜃,2
遛,2
倌,2
氤,2
戌,2
嶙,2
馗,2
匮,2
揶,2
胚,2
啻,2
敕,2
夙,2
珈,2
锹,2
跂,2
摒,2
迩,2
啾,2
峪,2
靼,2
菠,2
蓟,2
沅,2
馥,2
槌,2
燮,2
褛,2
為,2
贻,2
礴,2
豚,2
氲,2
湍,2
腌,2
蚱,2
殡,2
毗,2
耙,2
诽,2
褴,2
恁,2
呷,2
蚌,2
瘁,2
铝,2
蔻,2
憩,2
锚,2
濑,2
耘,2
俾,2
鬃,2
裟,2
祢,2
苒,2
蘅,2
鱿,2
唷,2
傥,2
袈,2
豺,2
町,2
掇,2
坯,2
阏,2
戛,2
贮,1
塾,1
剽,1
孬,1
衩,1
镣,1
戊,1
犟,1
酉,1
夥,1
斡,1
過,1
珩,1
匝,1
诘,1
攫,1
潢,1
黔,1
臃,1
罂,1
轼,1
酗,1
嘹,1
時,1
阪,1
璎,1
冗,1
桧,1
闳,1
皿,1
囡,1
辍,1
觎,1
浚,1
闰,1
臼,1
蹩,1
煲,1
怵,1
囤,1
罔,1
蚓,1
碴,1
姒,1
灸,1
蚯,1
嗥,1
堑,1
箴,1
谗,1
嵘,1
箩,1
艮,1
碱,1
葆,1
還,1
旎,1
谆,1
粽,1
牒,1
泸,1
蔺,1
刽,1
锷,1
诋,1
惇,1
缜,1
爻,1
贰,1
坳,1
睑,1
葭,1
昀,1
經,1
噫,1
妪,1
镂,1
癸,1
沣,1
笆,1
壬,1
绉,1
抨,1
箕,1
叵,1
坨,1
颉,1
姹,1
赳,1
琮,1
焊,1
淬,1
纭,1
埠,1
泱,1
恹,1
淙,1
榛,1
酵,1
銮,1
孛,1
嗳,1
佶,1
犒,1
茱,1
饪,1
孪,1
泠,1
砺,1
遽,1
嗟,1
钙,1
鲲,1
谚,1
闾,1
谟,1
馊,1
翦,1
雉,1
虱,1
糠,1
锴,1
赈,1
骠,1
旮,1
峋,1
跆,1
飛,1
瘠,1
潸,1
饕,1
佚,1
淄,1
谀,1
镳,1
廿,1
喟,1
偻,1
绺,1
沱,1
囱,1
铳,1
袤,1
兖,1
對,1
栾,1
畿,1
诌,1
赓,1
苯,1
佻,1
繇,1
魈,1
屌,1
谲,1
泾,1
獗,1
鞅,1
蹶,1
绔,1
雹,1
旯,1
洱,1
樣,1
馄,1
粲,1
哂,1
蔗,1
饨,1
奘,1
芍,1
淞,1
腴,1
現,1
剜,1
汾,1
顼,1
濂,1
蜚,1
殒,1
麝,1
鹞,1
蚤,1
浃,1
坂,1
颚,1
忤,1
洙,1
祗,1
無,1
迤,1
眦,1
彗,1
暹,1
赧,1
佝,1
蒯,1
郦,1
僮,1
钺,1
嘞,1
硅,1
玳,1
蛹,1
睾,1
螭,1
赁,1
盂,1
瑁,1
俅,1
侗,1
骛,1
宕,1
纂,1
堰,1
厩,1
萋,1
鄢,1
帔,1
蓁,1
杈,1
熨,1
挞,1
觐,1
開,1
阗,1
钏,1
煊,1
泫,1
迳,1
夔,1
缮,1
燧,1
嘁,1
孱,1
懑,1
邕,1
彧,1
柩,1
耆,1
漕,1
鹄,1
龛,1
饯,1
餮,1
幄,1
鹘,1
爰,1
噻,1
倨,1
汜,1
诙,1
锃,1
颧,1
璟,1
纰,1
绡,1
鏖,1
瞭,1
氢,1
颢,1
楔,1
藜,1
郢,1
妫,1
栀,1
岫,1
谥,1
骧,1
犄,1
葳,1
辇,1
珪,1
魑,1
璜,1
聒,1
椿,1
谩,1
伢,1
琊,1
骅,1
鹜,1
禛,1
闩,1
颍,1
翕,1
濠,1
仞,1
鳗,1
玖,1
踊,1
皈,1
骊,1
痿,1
芑,1
孑,1
帼,1
撸,1
檄,1
啵,1
昶,1
柚,1
祐,1
篑,1
陲,1
潋,1
亟,1
樽,1
遨,1
锺,1
舶,1
莆,1
蛀,1
琨,1
點,1
邈,1
棂,1
抻,1
搽,1
俪,1
铉,1
怩,1
嚯,1
茁,1
韭,1
膘,1
酩,1
榔,1
娩,1
忸,1
刎,1
彿,1
扪,1
漳,1
呶,1
瑄,1
仃,1
呯,1
佞,1
饬,1
裨,1
壹,1
黜,1
巽,1
鹂,1
滂,1
徉,1
戕,1
埂,1
倢,1
僖,1
纫,1
奂,1
溉,1
範,1
猊,1
胛,1
卟,1
锌,1
遑,1
跻,1
珣,1
妗,1
蒿,1
钛,1
岷,1
葩,1
傕,1
磺,1
魃,1
汕,1
蠡,1
苋,1
剎,1
肛,1
潞,1
阕,1
铤,1
桠,1
涿,1
薜,1
郃,1
氐,1
鲛,1
睥,1
滦,1
稔,1
頭,1
妺,1
锲,1
徜,1
哙,1
冼,1
獐,1
讧,1
喙,1
氨,1
缯,1
褓,1
赊,1
菀,1
鄱,1
炅,1
碜,1
戗,1
嫫,1
瓴,1
犍,1
酊,1
臌,1
钠,1
螓,1
镌,1
麗,1
铀,1
羯,1
挝,1
谡,1
邙,1
襁,1
渚,1
胫,1
箸,1
逖,1
雎,1
砥,1
衢,1
狒,1
骞,1
荟,1
汛,1
盥,1
睚,1
栎,1
祚,1
砣,1
烩,1
氣,1
夯,1
拮,1
驷,1
掴,1
蘩,1
禩,1
蜞,1
乜,1
灏,1
殓,1
發,1
哔,1
擢,1
殛,1
荪,1
徇,1
蹴,1
忾,1
谯,1
鸵,1
疹,1
韫,1
祛,1
膻,1
黢,1
仄,1
唳,1
炁,1
烊,1
孀,1
斫,1
腚,1
牍,1
佃,1
懋,1
赡,1
鹗,1
秣,1
榷,1
镭,1
铄,1
庾,1
媾,1
嫒,1
饽,1
佥,1
谌,1
尕,1
啮,1
蝼,1
闱,1
篙,1
逡,1
膑,1
問,1
荥,1
隍,1
蕨,1
罄,1
郓,1
囵,1
橹,1
诰,1
蹇,1
睢,1
喱,1
縯,1
間,1
話,1
肓,1
榈,1
绶,1
罹,1
槊,1
瑗,1
槁,1
秸,1
裱,1
牦,1
荑,1
滓,1
腓,1
谶,1
砝,1
舐,1
嗎,1
秆,1
荏,1
邝,1
芈,1
給,1
斛,1
暨,1
狻,1
滟,1
恫,1
麋,1
纾,1
锟,1
粑,1
诳,1
氅,1
寮,1
鹑,1
驽,1
囫,1
炷,1
缙,1
徕,1
弭,1
聲,1
橇,1
痢,1
撺,1
柑,1
圜,1
儆,1
魉,1
妊,1
婳,1
兩,1
矍,1
犸,1
哓,1
酶,1
當,1
庖,1
缢,1
俎,1
墉,1
鲫,1
藓,1
佰,1
痔,1
觥,1
闇,1
哞,1
旃,1
讓,1
伉,1
猷,1
怄,1
牯,1
茀,1
烜,1
锨,1
長,1
豢,1
轱,1
泵,1
擀,1
蝌,1
绻,1
呔,1
绌,1
蓑,1
纥,1
釉,1
翳,1
殁,1
讫,1
濛,1
從,1
蜇,1
砧,1
殄,1
萼,1
覺,1
辔,1
诮,1
胰,1
蜍,1
浔,1
緂,1
钜,1
瘌,1
趿,1
瘀,1
鸪,1
霰,1
婥,1
赟,1
邊,1
祇,1
鹧,1
诨,1
掼,1
僭,1
礽,1
動,1
弁,1
體,1
湎,1
蹉,1
汨,1
栉,1
醍,1
磬,1
铂,1
蓼,1
泷,1
梏,1
祜,1
摺,1
鸩,1
虺,1
豌,1
嘬,1
疡,1
杲,1
荞,1
煨,1
蛔,1
涝,1
焖,1
祉,1
魍,1
锉,1
跎,1
桎,1
娠,1
诿,1
喆,1
瓯,1
偈,1
殚,1
镁,1
邳,1
胱,1
痂,1
刍,1
醐,1
糅,1
亞,1
岿,1
愎,1
赝,1
禇,1
笳,1
唁,1
齑,1
崂,1
狎,1
踽,1
揆,1
鳍,1
钹,1
侩,1
帧,1
裾,1
椁,1
姮,1
唿,1
種,1
澍,1
崧,1
淩,1
衾,1
骈,1
仟,1
勖,1
咭,1
羸,1
谪,1
柁,1
窣,1
狲,1
槃,1
珲,1
蛭,1
痍,1
俦,1
猢,1
镫,1
戡,1
鼹,1
悌,1
嬅,1
濯,1
莅,1
懔,1
裡,1
肊,1
咩,1
誊,1
見,1
卻,1
鳝,1
韪,1
噱,1
嫪,1
亓,1
铩,1
燏,1
硌,1
俚,1
椤,1
脍,1
臉,1
汞,1
淖,1
炘,1
姘,1
聩,1
泅,1
喑,1
绦,1
铡,1
桫,1
恽,1
薏,1
遒,1
痨,1
蚪,1
屙,1
佫,1
窸,1
蒺,1
蚡,1
觞,1
葺,1
煅,1
悱,1
茕,1
肜,1
沨,1
棫,1
靛,1
诓,1
拋,1
忝,1
箔,1
璠,1
芃,1
別,1
珥,1
菅,1
嶷,1
酃,1
與,1
岬,1
臬,1
舢,1
肱,1
焙,1
逦,1
啖,1
冁,1
鸷,1
蜢,1
莠,1
級,1
茔,1
铨,1
槚,1
胺,1
旻,1
雲,1
變,1
堇,1
艽,1
湟,1
瑭,1
踅,1
芨,1
逶,1
嶂,1
幾,1
钾,1
跹,1
徭,1
鹌,1
狍,1
笞,1
埙,1
仵,1
缛,1
椽,1
暝,1
苕,1
酮,1
貉,1
婺,1
玠,1
糨,1
囿,1
铖,1
畹,1
帏,1
镝,1
缦,1
铣,1
轸,1
舂,1
將,1
碘,1
黍,1
芫,1
馔,1
碁,1
铢,1
槿,1
赭,1
涪,1
塬,1
氯,1
倬,1
酡,1
實,1
傣,1
颏,1
缱,1
媞,1
浜,1
暻,1
篾,1
鋆,1
柘,1
猕,1
桉,1
砒,1
邶,1
洌,1
衿,1
颛,1
蜮,1
骢,1
柒,1
呖,1
郅,1
饴,1
圩,1
茯,1
疱,1
圄,1
琚,1
橐,1
钿,1
枸,1
貅,1
蛎,1
嫱,1
爿,1
進,1
辂,1
綦,1
唢,1
笤,1
旸,1
鼬,1
苜,1
窠,1
嗄,1
卅,1
茏,1
艄,1
苡,1
辚,1
囹,1
撷,1
伥,1
毐,1
疟,1
骓,1
筌,1
屐,1
猁,1
靈,1
傩,1
帶,1
疽,1
珙,1
貊,1
诟,1
剛,1
鬣,1
鼐,1
獭,1
嗞,1
獾,1
洮,1
邛,1
赅,1
黒,1
擤,1
稗,1
咴,1
楂,1
氮,1
竽,1
箓,1
勐,1
谔,1
碣,1
铧,1
逑,1
郾,1
铆,1
師,1
褡,1
滁,1
陂,1
喁,1
矠,1
湫,1
蚺,1
钨,1
钲,1
綮,1
噹,1
蕲,1
遴,1
舛,1
荠,1
玕,1
稞,1
阄,1
荚,1
媪,1
鎏,1
笏,1
迡,1
悒,1
晷,1
郗,1
宥,1
戰,1
豸,1
摈,1
儋,1
葶,1
瑸,1
愛,1
凫,1
阡,1
蚨,1
粕,1
猗,1
纛,1
畲,1
睇,1
滿,1
難,1
洇,1
醮,1
裏,1
虢,1
龍,1
癣,1
葻,1
珐,1
酆,1
內,1
诒,1
踯,1
颎,1
馏,1
莛,1
髭,1
龈,1
锒,1
钯,1
楹,1
贽,1
菖,1
灞,1
虻,1
苌,1
聽,1
躅,1
牝,1
钎,1
珺,1
畦,1
欤,1
桁,1
腩,1
吖,1
該,1
屍,1
蠹,1
眬,1
夢,1
張,1
瓤,1
淝,1
鸶,1
亳,1
應,1
楫,1
薨,1
訇,1
祂,1
镊,1
陟,1
炰,1
靜,1
镗,1
樗,1
苫,1
阆,1
莒,1
罅,1
稹,1
豕,1
涫,1
螟,1
骝,1
連,1
蓿,1
祧,1
苎,1
擘,1
犴,1
玎,1
侉,1
仝,1
學,1
厝,1
馐,1
邰,1
潍,1
兕,1
赍,1
龅,1
黩,1
霂,1
胪,1
抟,1
诤,1
鬈,1
結,1
烺,1
裝,1
芪,1
莳,1
毽,1
筇,1
猞,1
忺,1
砭,1
腱,1
澧,1
挈,1
怼,1
镞,1
貔,1
嬗,1
醴,1
搠,1
杷,1
薹,1
杌,1
並,1
風,1
铬,1
讴,1
闼,1
拊,1
歃,1
機,1
輕,1
蝮,1
沆,1
晞,1
飏,1
烷,1
箜,1
彀,1
雠,1
傳,1
荩,1
揿,1
恂,1
燊,1
茴,1
癯,1
吔,1
備,1
國,1
闿,1
衽,1
鲈,1
缟,1
紅,1
昴,1
廪,1
圻,1
垓,1
奁,1
瘙,1
痫,1
黟,1
讦,1
矾,1
铰,1
氖,1
烯,1
葉,1
陉,1
耄,1
妯,1
強,1
踟,1
菟,1
鲧,1
镛,1
峄,1
镱,1
竦,1
搦,1
吡,1
鳏,1
飨,1
猡,1
痼,1
讣,1
荭,1
龢,1
殺,1
鯶,1
馕,1
枰,1
黼,1
檫,1
氂,1
鄯,1
鲇,1
酽,1
垅,1
佤,1
歙,1
骘,1
妁,1
頫,1
處,1
垩,1
蠃,1
锆,1
枇,1
鄞,1
乩,1
幂,1
遠,1
場,1
蟊,1
沭,1
綪,1
垭,1
鹳,1
萁,1
伧,1
苁,1
恚,1
盱,1
鼋,1
門,1
钤,1
矬,1
帑,1
關,1
車,1
兒,1
劍,1
離,1
轉,1
侪,1
溦,1
極,1
穑,1
脶,1
煸,1
娌,1
砀,1
陣,1
孳,1
吶,1
蚋,1
脔,1
缁,1
箬,1
豔,1
颙,1
樯,1
麂,1
糸,1
猱,1
跸,1
甑,1
榘,1
掮,1
岈,1
芾,1
龃,1
趸,1
沔,1
涘,1
炆,1
蹰,1
苣,1
冄,1
裢,1
萸,1
郧,1
捭,1
緊,1
嫇,1
謇,1
湉,1
笫,1
雖,1
妣,1
枞,1
禟,1
疥,1
啁,1
氰,1
蒹,1
驚,1
檑,1
誰,1
莴,1
禳,1
缌,1
婄,1
夤,1
鹬,1
勣,1
玢,1
镏,1
終,1
狯,1
馬,1
傢,1
焐,1
縻,1
屃,1
魆,1
莜,1
腭,1
鲑,1
淦,1
洹,1
砦,1
荇,1
鲠,1
蚝,1
榉,1
楝,1
艨,1
楸,1
睃,1
鹈,1
棹,1
昇,1
瀣,1
東,1
龉,1
鬻,1
庥,1
骐,1
囗,1
筢,1
柝,1
靺,1
堀,1
膂,1
磔,1
柞,1
鞨,1
谘,1
泔,1
锰,1
協,1
聃,1
徂,1
堞,1
蟥,1
羕,1
墀,1
薅,1
呎,1
艟,1
嵯,1
怿,1
窳,1
蛳,1
彘,1
迨,1
犰,1
荜,1
篦,1
跶,1
橛,1
焯,1
儁,1
趺,1
倥,1
鸹,1
椋,1
瞇,1
崃,1
記,1
旒,1
芡,1
芩,1
請,1
耧,1
蝺,1
庠,1
狴,1
钴,1
侂,1
眾,1
镕,1
樾,1
欸,1
穰,1
螯,1
耒,1
眙,1
菈,1
罴,1
隨,1
肄,1
怛,1
缃,1
哏,1
逄,1
岙,1
沤,1
珰,1
荨,1
娈,1
圉,1
叻,1
訢,1
耋,1
鸮,1
邴,1
雙,1
擊,1
毂,1
俳,1
傷,1
铱,1
艏,1
喈,1
類,1
蓠,1
薮,1
峤,1
貘,1
珮,1
崤,1
笄,1
缗,1
蹁,1
蕤,1
條,1
璁,1
渑,1
秫,1
掾,1
吋,1
祆,1
豉,1
醪,1
郿,1
搧,1
庑,1
茛,1
莼,1
筮,1
挹,1
媸,1
阒,1
怫,1
鲔,1
許,1
姰,1
雱,1
認,1
疣,1
镍,1
團,1
褫,1
锛,1
潾,1
轳,1
鲵,1
萬,1
錯,1
熵,1
馑,1
謝,1
眇,1
瘆,1
電,1
轺,1
塄,1
續,1
纔,1
涞,1
杼,1
沖,1
讬,1
崮,1
岘,1
纮,1
诂,1
镢,1
玦,1
鲶,1
氟,1
鲮,1
蔌,1
椹,1
鐵,1
僜,1
洄,1
栊,1
孢,1
郏,1
沴,1
郴,1
侑,1
詈,1
獬,1
澶,1
箧,1
興,1
語,1
嗐,1
鳃,1
朮,1
線,1
矸,1
讵,1
枋,1
璺,1
幫,1
鞣,1
澌,1
啭,1
蜉,1
黻,1
鳥,1
耦,1
樘,1
虛,1
跖,1
蛉,1
箪,1
璈,1
逋,1
歡,1
扦,1
孃,1
愆,1
跩,1
鳟,1
泚,1
藿,1
浠,1
痱,1
憷,1
隊,1
殳,1
葚,1
纡,1
翮,1
戋,1
黧,1
喦,1
錢,1
鲽,1
絕,1
诔,1
矇,1
曷,1
毖,1
髋,1
題,1
狳,1
藍,1
槎,1
坻,1
哚,1
蜊,1
铙,1
乂,1
袆,1
嫘,1
漯,1
骟,1
捌,1
瓘,1
椴,1
溘,1
墒,1
蹚,1
阋,1
牖,1
阇,1
愍,1
龋,1
篁,1
刈,1
蠲,1
樂,1
谝,1
悭,1
郞,1
總,1
鬲,1
瓠,1
畠,1
撄,1
棰,1
麸,1
圪,1
洺,1
嬛,1
錾,1
笮,1
轾,1
杓,1
砷,1
衛,1
辦,1
剀,1
疴,1
餍,1
锱,1
寤,1
糍,1
瞽,1
芎,1
尻,1
缡,1
捩,1
蹼,1
鳕,1
陸,1
裰,1
窨,1
偬,1
唸,1
茑,1
榫,1
幛,1
峁,1
蓊,1
鏊,1
秭,1
屄,1
鲅,1
瘢,1
茼,1
汊,1
茝,1
郜,1
芰,1
旄,1
殍,1
樨,1
碇,1
涑,1
摭,1
钡,1
凼,1
垆,1
萘,1
炔,1
蟮,1
蓍,1
岢,1
飧,1
俣,1
碓,1
刿,1
數,1
龁,1
孓,1
谰,1
蕖,1
痧,1
霈,1
暍,1
唵,1
訴,1
叆,1
钚,1
槲,1
嫚,1
腦,1
聖,1
異,1
铗,1
亂,1
绐,1
痈,1
埚,1
狷,1
媗,1
層,1
酢,1
阍,1
漸,1
梼,1
螫,1
欹,1
準,1
傈,1
怙,1
渌,1
榊,1
壅,1
赀,1
紒,1
傒,1
癔,1
莪,1
冴,1
嚇,1
吽,1
視,1
潆,1
腳,1
檩,1
镠,1
逯,1
浞,1
熱,1
痤,1
蔸,1
嘚,1
親,1
翥,1
毬,1
菽,1
鸱,1
戲,1
昉,1
盍,1
茭,1
黥,1
酰,1
圍,1
赉,1
珽,1
藥,1
霪,1
菏,1
淰,1
禵,1
夠,1
柟,1
诹,1
苴,1
園,1
粳,1
滅,1
溿,1
復,1
蹓,1
樹,1
欷,1
糌,1
亶,1
惡,1
義,1
趵,1
舸,1
護,1
蛩,1
枥,1
決,1
蘼,1
娰,1
蕈,1
搖,1
襦,1
膈,1
芏,1
畈,1
笊,1
艉,1
燠,1
阊,1
厣,1
傧,1
鸬,1
艿,1
攮,1
酚,1
璘,1
塍,1
叇,1
椟,1
厶,1
菰,1
氦,1
笸,1
疸,1
镪,1
圮,1
禤,1
佈,1
幪,1
醛,1
篌,1
髡,1
砲,1
謦,1
谖,1
徼,1
醯,1
懷,1
裣,1
豽,1
則,1
枳,1
蓖,1
髫,1
酯,1
較,1
暾,1
訾,1
勢,1
趕,1
確,1
繼,1
缳,1
碛,1
镒,1
斷,1
孥,1
硖,1
溧,1
柢,1
镬,1
糁,1
皴,1
虼,1
卺,1
軍,1
箝,1
鋈,1
帙,1
鍪,1
锞,1
蘧,1
祩,1
丌,1
樓,1
簟,1
昳,1
觀,1
鞫,1
倆,1
泮,1
溱,1
眭,1
寶,1
棽,1
坩,1
窫,1
嬖,1
旉,1
鄄,1
隱,1
砻,1
郯,1
隰,1
報,1
劻,1
衹,1
熜,1
單,1
廋,1
祼,1
薙,1
約,1
筚,1
爾,1
朐,1
尋,1
厓,1
墼,1
跬,1
愀,1
識,1
嘡,1
毀,1
醚,1
幹,1
鳜,1
萑,1
缍,1
恆,1
蚧,1
遄,1
達,1
戆,1
姽,1
麇,1
柰,1
琤,1
竑,1
趱,1
鲂,1
黃,1
湣,1
壞,1
螅,1
細,1
垸,1
禔,1
裎,1
煇,1
玭,1
試,1
態,1
爔,1
埸,1
務,1
槠,1
儇,1
靚,1
淚,1
肽,1
顯,1
卮,1
绀,1
顸,1
盉,1
筲,1
崁,1
倮,1
菸,1
媵,1
弐,1
岜,1
澣,1
谵,1
褊,1
創,1
鲟,1
瘐,1
帻,1
簋,1
梃,1
缵,1
礅,1
屣,1
陽,1
缶,1
墡,1
亍,1
鹚,1
甪,1
矟,1
煙,1
缒,1
塊,1
刖,1
澂,1
鹡,1
炻,1
卬,1
絲,1
瞋,1
焗,1
荽,1
磴,1
砬,1
锶,1
鼍,1
瘿,1
閒,1
跣,1
疖,1
況,1
練,1
閃,1
迓,1
炝,1
鐘,1
啉,1
硒,1
擁,1
貓,1
汔,1
驺,1
蛄,1
伛,1
绂,1
鞯,1
燹,1
髀,1
缫,1
禦,1
翀,1
跗,1
羖,1
濬,1
銎,1
凇,1
羏,1
銀,1
鏦,1
襌,1
綠,1
調,1
唎,1
寫,1
爲,1
殂,1
嗉,1
铘,1
鞮,1
盡,1
眀,1
饫,1
檗,1
辏,1
鼙,1
璩,1
悛,1
純,1
彟,1
沚,1
褙,1
殘,1
煳,1
笕,1
鲥,1
尥,1
锍,1
劢,1
淒,1
嵊,1
轫,1
饧,1
隻,1
抺,1
佾,1
鲩,1
鸰,1
書,1
谳,1
棼,1
苷,1
觚,1
萏,1
熘,1
媽,1
佺,1
嫈,1
羝,1
鹕,1
睏,1
觜,1
號,1
喾,1
満,1
蘖,1
剡,1
溫,1
響,1
譞,1
爭,1
椐,1
鍊,1
狝,1
曩,1
麴,1
瑷,1
誗,1
砗,1
髁,1
領,1
蚍,1
怱,1
阃,1
溲,1
匏,1
桡,1
狺,1
鲢,1
耨,1
鋹,1
煖,1
豳,1
傑,1
燒,1
舨,1
缑,1
猓,1
愦,1
蝾,1
疋,1
蹾,1
榧,1
搴,1
洫,1
蚜,1
員,1
荸,1
磙,1
釐,1
坜,1
粜,1
螈,1
轭,1
踫,1
绨,1
摀,1
庋,1
抔,1
珃,1
詝,1
計,1
皲,1
魚,1
胝,1
犼,1
滹,1
蕗,1
铍,1
麈,1
邗,1
跏,1
锔,1
蝣,1
論,1
習,1
鲋,1
誄,1
寔,1
網,1
柙,1
鸫,1
罘,1
浤,1
獍,1
硼,1
疝,1
勰,1
鹾,1
掛,1
扃,1
皤,1
潲,1
笥,1
痋,1
葸,1
鲱,1
旰,1
燝,1
賣,1
溏,1
險,1
憶,1
偾,1
溽,1
伲,1
揎,1
剞,1
禮,1
秾,1
晳,1
锗,1
華,1
悝,1
漭,1
痦,1
寘,1
屬,1
狀,1
桿,1
嘏,1
樛,1
袢,1
礻,1
鳎,1
嘆,1
願,1
昝,1
咹,1
滏,1
釋,1
薩,1
廨,1
觳,1
璔,1
綝,1
戢,1
桷,1
舻,1
黙,1
郛,1
羅,1
彖,1
袛,1
裉,1
買,1
蓐,1
脘,1
疠,1
艋,1
嬲,1
锜,1
綎,1
業,1
獨,1
郇,1
粝,1
參,1
歷,1
蠱,1
厲,1
鹩,1
耜,1
坼,1
埕,1
髮,1
迴,1
鹪,1
栌,1
紓,1
陰,1
砩,1
尜,1
宄,1
瘊,1
嫠,1
蠓,1
洳,1
筥,1
埒,1
墁,1
廝,1
铊,1
愔,1
講,1
锂,1
脫,1
蔟,1
蹀,1
剋,1
颟,1
劬,1
濞,1
飯,1
飄,1
曈,1
醫,1
誘,1
鲎,1
蠖,1
悃,1
祕,1
係,1
唣,1
谮,1
畀,1
紛,1
裒,1
咥,1
磾,1
訞,1
镲,1
锝,1
煩,1
伕,1
郫,1
蚬,1
淯,1
邡,1
奭,1
嗍,1
臜,1
讚,1
蟲,1
頂,1
螨,1
阈,1
赜,1
組,1
怍,1
爌,1
歲,1
鳐,1
鄣,1
嚐,1
敵,1
陔,1
歔,1
遊,1
狁,1
拶,1
擺,1
汆,1
矽,1
觯,1
鹣,1
呣,1
绹,1
託,1
卍,1
卐,1
涬,1
肏,1
呒,1
袴,1
钼,1
磲,1
颡,1
勝,1
湜,1
顧,1
皞,1
換,1
齮,1
彈,1
搛,1
蝰,1
冇,1
眄,1
慊,1
劁,1
畋,1
棗,1
肫,1
貴,1
夾,1
崦,1
幷,1
慘,1
陳,1
瘋,1
冏,1
酹,1
雮,1
順,1
塚,1
簏,1
胼,1
術,1
髒,1
皝,1
脩,1
稱,1
瘳,1
锑,1
蝓,1
暌,1
壓,1
舁,1
佔,1
诜,1
芗,1
尢,1
墬,1
菔,1
瑨,1
尙,1
選,1
蟻,1
瞾,1
犨,1
焓,1
琍,1
蒌,1
旆,1
愬,1
胙,1
畢,1
癡,1
靸,1
癒,1
浈,1
觇,1
缣,1
簡,1
颞,1
唦,1
碡,1
補,1
擔,1
谠,1
丟,1
楙,1
埽,1
聯,1
衝,1
栲,1
牆,1
統,1
倖,1
鞬,1
鑛,1
猲,1
俶,1
踔,1
鲷,1
袼,1
芟,1
僳,1
產,1
磻,1
槭,1
討,1
呡,1
鲞,1
蚴,1
紙,1
邠,1
桴,1
佧,1
蒉,1
哢,1
檠,1
囟,1
飑,1
燔,1
費,1
騙,1
狨,1
觫,1
疃,1
鲊,1
伷,1
俵,1
賓,1
誴,1
幞,1
琇,1
溴,1
栘,1
骔,1
唑,1
苊,1
騔,1
獚,1
溷,1
囉,1
鲆,1
掊,1
玡,1
畚,1
骖,1
榇,1
癜,1
舉,1
鮮,1
塵,1
堠,1
泖,1
浼,1
硗,1
質,1
隹,1
哿,1
睺,1
僦,1
帥,1
釭,1
硷,1
瑠,1
隈,1
碚,1
劉,1
盤,1
馓,1
沢,1
側,1
奮,1
隳,1
熦,1
罱,1
戀,1
怃,1
嵫,1
採,1
偙,1
篼,1
鐇,1
揮,1
凊,1
僴,1
捽,1
彳,1
觌,1
揲,1
辊,1
垕,1
篥,1
垴,1
區,1
設,1
呑,1
醢,1
虮,1
诎,1
绱,1
昺,1
艹,1
蟗,1
埘,1
陬,1
祓,1
翚,1
锩,1
蠼,1
弒,1
菘,1
養,1
圯,1
羑,1
啫,1
锕,1
赑,1
負,1
糺,1
櫻,1
倧,1
戥,1
蚶,1
佷,1
課,1
侔,1
談,1
砼,1
鳳,1
藁,1
呙,1
鏡,1
靘,1
偉,1
絷,1
豬,1
檛,1
镡,1
擋,1
崐,1
牾,1
丅,1
硃,1
釆,1
籴,1
佴,1
瞢,1
杪,1
遹,1
昃,1
弻,1
搥,1
堅,1
節,1
鬏,1
缧,1
耪,1
訝,1
揠,1
淏,1
畫,1
騎,1
橼,1
雜,1
敗,1
爨,1
蓋,1
伋,1
蛶,1
狃,1
萩,1
須,1
诼,1
嗌,1
頓,1
驩,1
輪,1
嘌,1
蛴,1
畎,1
詩,1
楯,1
議,1
雩,1
鹆,1
蕞,1
顫,1
盪,1
殭,1
皊,1
脬,1
羼,1
萊,1
缬,1
鍼,1
漶,1
叡,1
賞,1
圖,1
奼,1
哕,1
荛,1
適,1
谇,1
驗,1
廛,1
廣,1
埳,1
罵,1
丏,1
狔,1
嚴,1
鑽,1
氚,1
蒽,1
袷,1
懼,1
焌,1
甍,1
黾,1
烃,1
铵,1
鬯,1
鵰,1
魽,1
铓,1
濃,1
襻,1
嗾,1
躞,1
緣,1
柽,1
镉,1
遘,1
诖,1
绲,1
岵,1
環,1
垍,1
價,1
據,1
涼,1
説,1
氽,1
責,1
錱,1
骯,1
钣,1
逭,1
麍,1
媺,1
豨,1
蹤,1
徹,1
徳,1
栱,1
漢,1
觖,1
莰,1
崑,1
茌,1
疔,1
茍,1
潔,1
圬,1
禊,1
虿,1
刳,1
蝤,1
預,1
嗻,1
睜,1
秕,1
蒼,1
葑,1
呋,1
匦,1
豇,1
堃,1
慄,1
嫽,1
铯,1
玹,1
圓,1
槍,1
垧,1
洧,1
顏,1
資,1
蠪,1
吣,1
亻,1
婑,1
贇,1
緾,1
劃,1
緩,1
跡,1
桕,1
钪,1
倐,1
浯,1
窬,1
紜,1
埴,1
惝,1
甙,1
崞,1
橫,1
彊,1
歐,1
眚,1
颃,1
觔,1
蛞,1
憐,1
臨,1
昽,1
牤,1
貏,1
蚵,1
镆,1
嫋,1
薷,1
獄,1
邧,1
瑧,1
茺,1
蕻,1
闶,1
爛,1
騄,1
瑢,1
嫜,1
罷,1
礡,1
郕,1
紞,1
撫,1
囝,1
蒗,1
嗙,1
骍,1
厊,1
蚰,1
標,1
鳔,1
巉,1
骶,1
階,1
褲,1
圹,1
焜,1
敉,1
呿,1
徬,1
幣,1
簦,1
枹,1
鎗,1
霑,1
畛,1
轵,1
黹,1
晡,1
燈,1
湔,1
瞀,1
啍,1
鲀,1
揚,1
貐,1
跦,1
荘,1
镚,1
閉,1
龀,1
歸,1
扌,1
聞,1
砉,1
篪,1
觸,1
島,1
鞔,1
仳,1
甡,1
芄,1
猃,1
溆,1
甾,1
钭,1
髑,1
髙,1
啯,1
锘,1
髂,1
權,1
枱,1
硪,1
潴,1
湊,1
邨,1
垱,1
宮,1
紀,1
裥,1
郐,1
瘘,1
碖,1
肶,1
蘋,1
屺,1
弢,1
維,1
猰,1
胗,1
笪,1
鲼,1
翃,1
劵,1
衖,1
沬,1
伾,1
賽,1
枵,1
紮,1
專,1
髌,1
翙,1
镙,1
甯,1
羟,1
鲭,1
腧,1
龆,1
沩,1
绁,1
崾,1
蛏,1
紡,1
邏,1
悫,1
溻,1
湧,1
罾,1
晢,1
舳,1
忉,1
岡,1
紘,1
勁,1
稜,1
樑,1
笭,1
蜱,1
氆,1
氵,1
餵,1
曉,1
遙,1
優,1
莊,1
锸,1
竐,1
钒,1
褔,1
蹟,1
蛱,1
敫,1
孒,1
爝,1
猸,1
鬆,1
爺,1
舯,1
笾,1
廢,1
罟,1
邽,1
铫,1
巖,1
踬,1
箅,1
岀,1
鬥,1
绋,1
埝,1
芘,1
濉,1
貼,1
籼,1
絜,1
楦,1
曛,1
锳,1
聱,1
鹁,1
舡,1
際,1
檞,1
顆,1
硭,1
茆,1
鬧,1
谂,1
炱,1
钍,1
俠,1
厭,1
沄,1
馇,1
唪,1
烆,1
轟,1
纩,1
栝,1
蘭,1
鎌,1
褰,1
搶,1
霧,1
饩,1
楊,1
矅,1
駐,1
趑,1
菹,1
鳊,1
鲳,1
詭,1
滾,1
掎,1
屦,1
莨,1
撲,1
軟,1
昰,1
謂,1
緒,1
円,1
玙,1
棻,1
膚,1
莩,1
規,1
丨,1
喚,1
尨,1
埤,1
濕,1
羨,1
揺,1
螽,1
昪,1
偑,1
齁,1
钅,1
醅,1
潽,1
畑,1
靦,1
蜩,1
瘗,1
莸,1
癍,1
埭,1
導,1
啶,1
鞲,1
梿,1
傉,1
憑,1
棄,1
枘,1
庹,1
郄,1
郤,1
硎,1
髹,1
鈺,1
廌,1
淨,1
袓,1
蓮,1
熳,1
毪,1
寧,1
庀,1
燄,1
暲,1
冑,1
淿,1
氘,1
赙,1
洎,1
湓,1
悽,1
顒,1
卣,1
載,1
茈,1
浍,1
栳,1
煉,1
辌,1
忞,1
糵,1
牽,1
紝,1
歎,1
襲,1
鮨,1
絺,1
豐,1
笱,1
旡,1
骒,1
阌,1
姁,1
顔,1
擇,1
搌,1
摽,1
纏,1
埵,1
跽,1
籐,1
廳,1
猶,1
災,1
揸,1
織,1
犇,1
撐,1
婦,1
劼,1
堺,1
菉,1
渫,1
弇,1
證,1
墜,1
僰,1
檒,1
槅,1
蘫,1
鬍,1
佉,1
婼,1
邾,1
膽,1
擐,1
噍,1
庫,1
氇,1
慮,1
汧,1
蹻,1
紗,1
縮,1
觋,1
堙,1
撙,1
測,1
緋,1
複,1
挢,1
寬,1
鴷,1
謎,1
颥,1
赸,1
鲦,1
燚,1
蘡,1
喲,1
蜎,1
悰,1
刂,1
沲,1
疳,1
凅,1
桄,1
揑,1
喬,1
紋,1
誤,1
烝,1
佇,1
瑊,1
劇,1
嚭,1
碕,1
繞,1
譔,1
踣,1
髊,1
窭,1
凱,1
瀰,1
慓,1
鞒,1
灑,1
兟,1
慝,1
烔,1
燰,1
襞,1
薑,1
紟,1
臁,1
矧,1
韋,1
獯,1
瀹,1
執,1
蒇,1
榱,1
扽,1
偳,1
艴,1
穀,1
僅,1
刭,1
紤,1
唛,1
眛,1
拏,1
苤,1
钋,1
嗪,1
觍,1
臥,1
蛘,1
遺,1
黪,1
遞,1
岎,1
暠,1
攉,1
雞,1
钕,1
毹,1
損,1
廆,1
揾,1
勗,1
氩,1
玗,1
澐,1
紥,1
闆,1
紣,1
垡,1
慣,1
璝,1
缂,1
綨,1
玘,1
骀,1
昖,1
窅,1
菑,1
詧,1
锇,1
鳇,1
坰,1
怾,1
乇,1
霨,1
肟,1
瑎,1
飖,1
嫄,1
禎,1
鬷,1
財,1
韂,1
雋,1
錄,1
鷺,1
瘰,1
哌,1
蜣,1
囂,1
仡,1
籀,1
嘗,1
蕩,1
讀,1
噁,1
髠,1
鐮,1
榮,1
辻,1
痩,1
薤,1
傭,1
憂,1
慾,1
牂,1
砟,1
瓿,1
寀,1
墮,1
搿,1
僬,1
捲,1
瞞,1
蠛,1
孫,1
誷,1
鄉,1
曐,1
詠,1
嵛,1
惣,1
紦,1
忭,1
瘛,1
垌,1
槔,1
愰,1
礦,1
壸,1
崙,1
蛲,1
鋪,1
锓,1
滠,1
倓,1
煺,1
峣,1
劓,1
頵,1
暫,1
唄,1
凈,1
咵,1
鏐,1
獴,1
嘧,1
龐,1
蟛,1
陴,1
俜,1
袪,1
洤,1
騰,1
辋,1
鬚,1
龠,1
腠,1
轹,1
稆,1
蝥,1
蓂,1
堋,1
擾,1
汍,1
猇,1
儀,1
詟,1
鞴,1
筆,1
詞,1
氾,1
咈,1
齕,1
黉,1
襕,1
柃,1
镘,1
浽,1
蝟,1
兇,1
燿,1
殪,1
蒡,1
捯,1
旛,1
巿,1
胍,1
骱,1
杩,1
恧,1
跫,1
篍,1
唼,1
酾,1
騦,1
穩,1
垚,1
罃,1
餘,1
贠,1
躍,1
掙,1
職,1
娡,1
輩,1
遲,1
檔,1
硐,1
胲,1
烀,1
鄠,1
碼,1
跘,1
噴,1
凵,1
鰸,1
氍,1
滲,1
輸,1
瓖,1
忮,1
壯,1
苾,1
攧,1
芤,1
岺,1
罞,1
伱,1
瘮,1
灣,1
痖,1
嘢,1
踰,1
箢,1
哳,1
鲡,1
枬,1
檎,1
紹,1
橦,1
嘯,1
諲,1
饔,1
枊,1
戽,1
狤,1
峧,1
囧,1
蚑,1
齊,1
蠍,1
砑,1
嚥,1
顗,1
營,1
纻,1
甏,1
廁,1
漎,1
盜,1
氡,1
钬,1
唻,1
墚,1
鳴,1
寢,1
苘,1
饣,1
瑱,1
穸,1
翛,1
洨,1
晹,1
針,1
丒,1
尷,1
觏,1
骺,1
媩,1
嚄,1
枧,1
俫,1
瑯,1
髎,1
凜,1
鹨,1
毎,1
麵,1
瘼,1
桤,1
軀,1
毵,1
獸,1
谞,1
糈,1
镟,1
頉,1
諸,1
酲,1
楱,1
帯,1
峎,1
岣,1
嶲,1
喨,1
苶,1
肷,1
傾,1
睱,1
铦,1
曌,1
憤,1
柺,1
扞,1
積,1
麿,1
挻,1
蕬,1
辒,1
懲,1
餓,1
铒,1
戶,1
鲣,1
鑑,1
蛑,1
笢,1
農,1
啟,1
葇,1
裼,1
塼,1
熺,1
黡,1
煐,1
湲,1
帳,1
酎,1
毳,1
坫,1
額,1
酐,1
鈴,1
痲,1
潵,1
埜,1
匚,1
蕡,1
夬,1
铪,1
滉,1
獎,1
贶,1
靣,1
紕,1
伹,1
胂,1
钘,1
閻,1
贏,1
躜,1
摛,1
鎚,1
袝,1
構,1
嵴,1
趼,1
锊,1
泺,1
悶,1
勔,1
諾,1
擗,1
玱,1
犭,1
渖,1
肅,1
舺,1
烋,1
訚,1
妘,1
舴,1
孖,1
繃,1
疬,1
肭,1
簽,1
橋,1
掃,1
螣,1
涠,1
鹇,1
獻,1
慉,1
璿,1
碹,1
晊,1
粢,1
眵,1
咁,1
蟪,1
劂,1
嘅,1
苈,1
脈,1
翹,1
銳,1
锼,1
躧,1
篂,1
珧,1
靿,1
吲,1
撥,1
脞,1
嶝,1
锾,1
籃,1
饹,1
簾,1
钌,1
緜,1
坭,1
嬸,1
骕,1
項,1
縡,1
斬,1
賺,1
編,1
镈,1
碲,1
瓞,1
賭,1
鄜,1
茳,1
儘,1
諒,1
躐,1
嵝,1
陧,1
厍,1
鹴,1
鎖,1
畤,1
鄹,1
砹,1
綁,1
跐,1
砘,1
燉,1
鸸,1
館,1
輝,1
熲,1
牻,1
踡,1
甦,1
螗,1
铽,1
訓,1
製,1
縱,1
阼,1
埯,1
沷,1
姤,1
貨,1
廑,1
碦,1
嫏,1
歛,1
堳,1
迺,1
捨,1
摅,1
潄,1
塽,1
芴,1
飲,1
澤,1
盩,1
丶,1
茲,1
襬,1
苄,1
叢,1
憞,1
扢,1
琯,1
賤,1
嬌,1
舊,1
醵,1
掯,1
燘,1
硇,1
惱,1
鬿,1
誦,1
鞗,1
酴,1
堍,1
彎,1
舾,1
舄,1
暈,1
姪,1
崒,1
艚,1
榖,1
腘,1
晧,1
缋,1
夼,1
虧,1
懶,1
爐,1
駛,1
湯,1
鼗,1
筅,1
兗,1
浥,1
奓,1
紖,1
皺,1
筯,1
剉,1
胨,1
砜,1
饸,1
擠,1
鲚,1
鍵,1
矻,1
俛,1
淠,1
拤,1
圊,1
儍,1
蔘,1
鮻,1
違,1
烏,1
迕,1
祄,1
衪,1
臟,1
拃,1
钸,1
倉,1
菪,1
兊,1
杮,1
禍,1
哜,1
勞,1
輛,1
貎,1
撚,1
棲,1
蒨,1
朊,1
喪,1
阘,1
兲,1
甕,1
釿,1
鹓,1
鐾,1
滗,1
扠,1
躔,1
奌,1
凍,1
罣,1
丷,1
喛,1
腈,1
筘,1
蠊,1
暸,1
盧,1
彌,1
豾,1
埼,1
骎,1
惓,1
飾,1
谿,1
箦,1
橥,1
斲,1
奧,1
鞞,1
辶,1
溝,1
毌,1
馘,1
癋,1
縠,1
蕺,1
濟,1
駕,1
琎,1
絶,1
镧,1
浬,1
琝,1
犏,1
圏,1
亊,1
獞,1
漥,1
暐,1
爚,1
仉,1
詛,1
髟,1
瘥,1
籓,1
鋒,1
绠,1
糇,1
獲,1
頸,1
徑,1
垲,1
綑,1
獵,1
坶,1
齉,1
旂,1
巻,1
骦,1
罈,1
觽,1
莶,1
瀟,1
姎,1
扆,1
贊,1
飐,1
坌,1
暢,1
蹯,1
钫,1
廻,1
監,1
礓,1
滘,1
梱,1
侶,1
暼,1
潛,1
佢,1
挼,1
褟,1
臺,1
踼,1
頹,1
洩,1
忄,1
欻,1
堉,1
玧,1
揞,1
昻,1
铋,1
閟,1
辭,1
岽,1
厾,1
奪,1
縫,1
閤,1
轘,1
臘,1
両,1
蹽,1
罠,1
肀,1
裵,1
鸲,1
嫰,1
潤,1
璛,1
羰,1
缷,1
趐,1
悅,1
垞,1
恥,1
傺,1
飺,1
淓,1
昐,1
澉,1
槨,1
繫,1
肼,1
匊,1
潰,1
胬,1
衄,1
锫,1
禥,1
倿,1
剠,1
塙,1
陞,1
酞,1
濤,1
梶,1
鼯,1
啣,1
廂,1
蚃,1
桖,1
勳,1
簷,1
垟,1
廙,1
藝,1
齋,1
厔,1
縳,1
枨,1
珵,1
闖,1
聰,1
咶,1
楶,1
赆,1
躹,1
櫆,1
圝,1
螞,1
鹛,1
鹋,1
窮,1
葰,1
炧,1
榍,1
鹯,1
誌,1
鑄,1
窀,1
棁,1
鲃,1
窆,1
轒,1
葢,1
騩,1
粿,1
桊,1
捃,1
欗,1
鎯,1
礌,1
燜,1
砮,1
璆,1
晩,1
蕹,1
葙,1
讠,1
罨,1
鷹,1
瓚,1
鍾,1
锿,1
轪,1
罰,1
酤,1
蜾,1
餜,1
恝,1
樫,1
劒,1
蟭,1
蟜,1
誡,1
蒟,1
鎧,1
銙,1
賴,1
欄,1
跞,1
療,1
蟟,1
倫,1
棆,1
濆,1
恓,1
睒,1
蒴,1
俬,1
锬,1
篠,1
媭,1
訊,1
渰,1
鲻,1
牴,1
绗,1
訸,1
熇,1
锪,1
罽,1
謹,1
闊,1
蠻,1
懞,1
厐,1
钷,1
皘,1
巯,1
璱,1
祏,1
鷫,1
閑,1
懸,1
眢,1
丬,1
歩,1
憝,1
饳,1
糼,1
貫,1
冱,1
韁,1
覚,1
鹍,1
勵,1
浰,1
廟,1
糢,1
傘,1
蛸,1
獅,1
掭,1
鉵,1
偓,1
懗,1
虓,1
噀,1
缊,1
驵,1
阯,1
滍,1
稙,1
礙,1
庳,1
萆,1
蔵,1
讇,1
倅,1
瘅,1
铞,1
芣,1
馉,1
鳸,1
衁,1
飢,1
撿,1
眍,1
瀬,1
糧,1
崚,1
鄤,1
掹,1
齧,1
杻,1
実,1
聳,1
羧,1
钽,1
詳,1
瑆,1
蔭,1
柊,1
註,1
瘭,1
嶒,1
刬,1
瑒,1
帱,1
醜,1
搋,1
腄,1
阽,1
歺,1
渄,1
墳,1
阝,1
嘠,1
鹱,1
渾,1
鲒,1
挶,1
罝,1
姖,1
纍,1
芼,1
綿,1
眽,1
蕅,1
甓,1
棨,1
縴,1
锖,1
繻,1
汭,1
爇,1
憟,1
貪,1
璮,1
祹,1
趯,1
捥,1
噏,1
蓥,1
緻,1
浐,1
蚇,1
賜,1
扥,1
癲,1
垤,1
兌,1
峯,1
洑,1
祔,1
悺,1
櫃,1
矦,1
寯,1
衎,1
峇,1
尅,1
泐,1
劙,1
嚕,1
魯,1
荬,1
眊,1
蝻,1
膩,1
勸,1
鎙,1
箨,1
汙,1
脅,1
晅,1
蠅,1
瘵,1
揹,1
逬,1
痺,1
廍,1
偲,1
冊,1
瞝,1
垯,1
禘,1
訶,1
鹖,1
靬,1
谫,1
檢,1
倞,1
胩,1
窺,1
罍,1
钔,1
嬝,1
朅,1
騷,1
騊,1
蓰,1
妶,1
挾,1
訏,1
曵,1
絪,1
嬰,1
運,1
臢,1
迮,1
晣,1
鎮,1
苧,1
雸,1
犮,1
飽,1
誧,1
耖,1
鶉,1
溚,1
鵝,1
羮,1
峠,1
潅,1
賀,1
穫,1
唊,1
踺,1
濺,1
凥,1
跼,1
齡,1
瑪,1
嚜,1
暪,1
椠,1
碃,1
驅,1
諡,1
纟,1
嗢,1
鳼,1
窩,1
嗚,1
卨,1
衒,1
簃,1
瑩,1
炤,1
夂,1
廒,1
襜,1
脣,1
竄,1
亸,1
訪,1
刧,1
褧,1
廇,1
嘍,1
璷,1
葎,1
宀,1
譜,1
殼,1
豎,1
脽,1
絃,1
洐,1
詢,1
嫕,1
挓,1
朘,1
錶,1
併,1
侘,1
赪,1
齒,1
吜,1
儲,1
啲,1
睪,1
餬,1
耞,1
蓳,1
閰,1
氪,1
霊,1
鬘,1
娒,1
聍,1
榀,1
攵,1
渏,1
鰭,1
鹙,1
赇,1
屻,1
涁,1
繩,1
攤,1
惔,1
藫,1
醣,1
駼,1
亹,1
氙,1
鴞,1
軒,1
泶,1
珜,1
癢,1
衤,1
褕,1
誅,1
築,1
辯,1
彆,1
猹,1
踆,1
撘,1
蛁,1
褍,1
篚,1
牿,1
龜,1
斝,1
減,1
溍,1
磡,1
擓,1
寛,1
骙,1
癩,1
籙,1
嚒,1
暱,1
噽,1
丿,1
慶,1
渋,1
埏,1
螦,1
燙,1
遆,1
盷,1
袥,1
窊,1
珦,1
鯹,1
頁,1
裀,1
閱,1
皽,1
貞,1
証,1
玚,1
馳,1
焠,1
楓,1
镓,1
憍,1
燋,1
珓,1
糾,1
锎,1
哴,1
鱗,1
摟,1
茻,1
納,1
評,1
頗,1
蹡,1
攝,1
褆,1
爍,1
癎,1
舣,1
鬱,1
卆,1
皕,1
礤,1
蹅,1
鼌,1
崈,1
黨,1
妸,1
峊,1
賦,1
縛,1
蹐,1
筊,1
荊,1
倶,1
巈,1
悾,1
裈,1
鑨,1
祿,1
仫,1
溼,1
蝕,1
栻,1
樋,1
鼷,1
蓆,1
覤,1
謔,1
枒,1
偊,1
痄,1
顓,1
揝,1
抃,1
咇,1
螬,1
趎,1
疍,1
巔,1
訂,1
敚,1
朏,1
菓,1
馃,1
鞃,1
怳,1
姞,1
漈,1
競,1
鏮,1
榼,1
鳢,1
唡,1
礟,1
毘,1
顠,1
攴,1
矝,1
濪,1
饒,1
掻,1
頑,1
頠,1
搵,1
焮,1
燻,1
纁,1
艷,1
杙,1
鳙,1
愑,1
颭,1
偡,1
扙,1
週,1
砫,1
鐲,1
繤,1
菴,1
爊,1
艸,1
瀍,1
償,1
鈔,1
櫈,1
蝀,1
镦,1
羵,1
諷,1
匄,1
洸,1
蓕,1
鍋,1
撖,1
镮,1
頰,1
耩,1
洚,1
拠,1
畯,1
犺,1
嵙,1
硁,1
铑,1
瞵,1
菻,1
鬽,1
蒳,1
闢,1
鸊,1
螵,1
頻,1
葜,1
麹,1
膄,1
帨,1
稅,1
壇,1
撢,1
鷉,1
磌,1
聼,1
塗,1
尪,1
濊,1
斅,1
噓,1
藚,1
愝,1
儼,1
钇,1
億,1
麀,1
懮,1
嶽,1
綻,1
眞,1
迍,1
蔔,1
雛,1
娖,1
誕,1
唗,1
荳,1
鞥,1
汎,1
鈇,1
鋼,1
購,1
闔,1
鉷,1
魟,1
匯,1
璾,1
楗,1
圧,1
誇,1
鏈,1
瞜,1
呂,1
镎,1
挷,1
捊,1
奷,1
籤,1
囷,1
澀,1
曬,1
钐,1
熌,1
贳,1
竢,1
飼,1
筭,1
媧,1
杇,1
狹,1
鸺,1
歘,1
廴,1
澭,1
矞,1
璪,1
嘖,1
偵,1
媜,1
蹱,1
芧,1
凖,1
盦,1
貝,1
醭,1
腸,1
漼,1
鱽,1
疊,1
誐,1
阨,1
輔,1
吿,1
閣,1
袞,1
濄,1
囍,1
嚿,1
禝,1
蔣,1
驕,1
轎,1
侷,1
芵,1
蟸,1
砢,1
曪,1
絡,1
邁,1
禖,1
曚,1
挐,1
萳,1
擬,1
囓,1
潑,1
謙,1
竊,1
胠,1
審,1
筍,1
橝,1
醰,1
镋,1
朣,1
涴,1
晼,1
偽,1
翾,1
壄,1
瘖,1
灜,1
郵,1
畬,1
骣,1
辀,1
甃,1
僎,1
絔,1
鹎,1
揙,1
昞,1
裯,1
搗,1
嶋,1
顛,1
哋,1
棟,1
耑,1
擱,1
槻,1
軌,1
囯,1
嚆,1
彙,1
耠,1
劐,1
濩,1
癨,1
敧,1
泂,1
摎,1
犋,1
麕,1
狜,1
窾,1
矌,1
镴,1
鳓,1
蔹,1
泙,1
舖,1
宆,1
瀼,1
込,1
篛,1
蘇,1
鹔,1
擡,1
菼,1
搯,1
筳,1
眮,1
腽,1
碨,1
儛,1
栒,1
掞,1
鴦,1
倻,1
蛦,1
泆,1
鹢,1
鄘,1
雝,1
賊,1
戦,1
滯,1
膣,1
镃,1
攽,1
邉,1
憯,1
滄,1
艙,1
勅,1
噇,1
蔥,1
尓,1
澴,1
喤,1
績,1
脥,1
経,1
朧,1
靇,1
駡,1
朒,1
鞶,1
髈,1
浿,1
抷,1
闋,1
眘,1
瞍,1
穌,1
餗,1
譚,1
饀,1
萜,1
誔,1
銅,1
賢,1
銷,1
噷,1
婞,1
洶,1
鸴,1
鐚,1
巘,1
鑰,1
鄴,1
吚,1
隠,1
怮,1
譽,1
軏,1
抜,1
舭,1
斃,1
飊,1
馎,1
偁,1
踧,1
躭,1
淂,1
撴,1
遯,1
钆,1
葔,1
謊,1
漷,1
瘕,1
橿,1
訣,1
釦,1
曠,1
裩,1
稂,1
睖,1
麥,1
厖,1
羃,1
煵,1
摰,1
侫,1
柈,1
鈚,1
噐,1
杄,1
嗛,1
覷,1
刄,1
蒻,1
脎,1
鰣,1
丗,1
蒐,1
灘,1
餂,1
朓,1
魋,1
饦,1
窪,1
渦,1
盻,1
陜,1
纖,1
鹹,1
啞,1
靨,1
宧,1
轅,1
慍,1
債,1
漲,1
鄭,1
鐏,1
薆,1
奡,1
沘,1
嗶,1
侼,1
噠,1
耵,1
靪,1
胐,1
糞,1
綱,1
雚,1
鬹,1
駭,1
艱,1
瀞,1
懇,1
楛,1
膦,1
矓,1
僇,1
巒,1
镅,1
祙,1
皏,1
豈,1
棬,1
隢,1
壽,1
樉,1
舑,1
癱,1
縢,1
渟,1
禿,1
稌,1
剬,1
滃,1
娭,1
粞,1
潝,1
効,1
屭,1
廞,1
嬿,1
咉,1
殽,1
螢,1
暎,1
緼,1
韻,1
膪,1
徴,1
晸,1
扺,1
驟,1
玆,1
掫,1
憊,1
珌,1
疪,1
缏,1
蠙,1
砵,1
蔀,1
燦,1
鸧,1
襯,1
遫,1
寵,1
慒,1
篴,1
鮗,1
篤,1
囮,1
筦,1
暤,1
頀,1
擭,1
虀,1
巜,1
擴,1
攔,1
咾,1
癃,1
嚨,1
躘,1
嬤,1
獰,1
鈕,1
柸,1
軿,1
酺,1
贌,1
嗆,1
碻,1
虇,1
宭,1
騒,1
袑,1
侁,1
摗,1
逷,1
坉,1
鮀,1
吳,1
縣,1
呴,1
醑,1
昫,1
醃,1
魘,1
祅,1
洢,1
铟,1
迶,1
漁,1
黦,1
煴,1
栆,1
邅,1
铚,1
柷,1
疰,1
瑑,1
葊,1
磝,1
豝,1
剝,1
狽,1
鏰,1
皀,1
変,1
辮,1
鏢,1
餅,1
棌,1
剷,1
敊,1
倕,1
鬴,1
筸,1
僱,1
鞎,1
恗,1
嘩,1
檓,1
鑯,1
暕,1
屆,1
搢,1
韮,1
踘,1
蠟,1
漤,1
蜋,1
耢,1
瓃,1
藟,1
褵,1
槤,1
鰡,1
竜,1
瓏,1
嚧,1
鹵,1
昩,1
毣,1
倷,1
湳,1
铌,1
釀,1
瓫,1
喯,1
憵,1
啓,1
兛,1
硚,1
靑,1
臞,1
絨,1
鎔,1
鬺,1
儵,1
璹,1
繐,1
咷,1
屜,1
涶,1
嫵,1
唌,1
挦,1
嘨,1
遜,1
瑤,1
耰,1
扜,1
寃,1
杬,1
抯,1
趙,1
鬒,1
鈡,1
鰲,1
栢,1
鰏,1
觱,1
碥,1
駁,1
愖,1
挰,1
錞,1
玼,1
镩,1
礑,1
觝,1
绖,1
緞,1
箙,1
簠,1
乢,1
搆,1
頷,1
狢,1
鰉,1
宊,1
藠,1
岕,1
燼,1
莖,1
豤,1
鲙,1
儈,1
欵,1
籟,1
蘿,1
犖,1
蔴,1
莾,1
眫,1
矈,1
麑,1
襛,1
汸,1
賠,1
慽,1
臍,1
蹺,1
睄,1
坵,1
擩,1
揌,1
羶,1
脤,1
涭,1
簑,1
渧,1
殢,1
鉄,1
筩,1
妧,1
葦,1
呉,1
旿,1
晛,1
揳,1
鬵,1
茓,1
焄,1
鴳,1
験,1
謠,1
滛,1
霙,1
嵎,1
睮,1
髃,1
蓣,1
籥,1
勻,1
簮,1
曽,1
劄,1
栴,1
衆,1
鴸,1
畷,1
菝,1
蝂,1
鞆,1
嵖,1
怊,1
熾,1
錘,1
蝽,1
惙,1
賨,1
咑,1
獃,1
泹,1
旳,1
弔,1
釘,1
吪,1
棐,1
屝,1
镄,1
唝,1
鉤,1
苽,1
枴,1
豗,1
踖,1
榢,1
捁,1
鈌,1
莙,1
誙,1
骻,1
饋,1
铼,1
悢,1
仂,1
扐,1
豊,1
斂,1
鄰,1
稟,1
舲,1
嶺,1
籠,1
縷,1
鸁,1
鄚,1
黴,1
渼,1
蜺,1
鞰,1
磞,1
憇,1
愜,1
庼,1
麯,1
嗮,1
笹,1
氺,1
碩,1
耥,1
儯,1
凃,1
嗗,1
瑋,1
崄,1
澥,1
敘,1
喓,1
譯,1
濙,1
癕,1
纋,1
礜,1
皁,1
譟,1
肈,1
袗,1
猙,1
巵,1
濁,1
頒,1
诐,1
徧,1
飆,1
掤,1
鲌,1
蠶,1
拺,1
劖,1
産,1
箠,1
輟,1
瑳,1
憚,1
頔,1
挕,1
苳,1
嬻,1
蠧,1
崿,1
尃,1
鞷,1
堌,1
唅,1
澒,1
鰗,1
瓛,1
癀,1
姦,1
洊,1
晈,1
牁,1
硿,1
焅,1
嵐,1
鵹,1
灕,1
飗,1
侓,1
盝,1
鑾,1
淪,1
儸,1
暋,1
脲,1
搫,1
貧,1
郱,1
拑,1
缲,1
寑,1
匤,1
栣,1
牣,1
袵,1
訕,1
渻,1
飔,1
頌,1
鲐,1
慆,1
鰧,1
詑,1
紈,1
蟁,1
犧,1
蚿,1
缐,1
铏,1
喣,1
鴉,1
酏,1
癮,1
楢,1
滪,1
淵,1
蘊,1
攢,1
贈,1
霅,1
窋,1
磚,1
踨,1
铇,1
盃,1
偪,1
熛,1
嚗,1
吥,1
綵,1
禪,1
宬,1
礎,1
墊,1
壂,1
釣,1
妬,1
陏,1
柮,1
枙,1
墦,1
鼢,1
戤,1
榦,1
槓,1
肐,1
鈎,1
袿,1
巂,1
韓,1
翯,1
戸,1
懽,1
讙,1
穢,1
惛,1
羈,1
済,1
牋,1
漿,1
澆,1
皦,1
褯,1
冂,1
痀,1
邭,1
脧,1
譎,1
痾,1
濫,1
睸,1
鳘,1
婗,1
輗,1
楩,1
樸,1
竅,1
勍,1
恘,1
嬬,1
鱓,1
煶,1
凘,1
亖,1
娀,1
鎲,1
摥,1
醄,1
鳀,1
涏,1
赨,1
蜼,1
齆,1
臒,1
煕,1
稧,1
陿,1
睍,1
媟,1
釁,1
挜,1
棪,1
彥,1
傜,1
嶬,1
禋,1
慇,1
嚚,1
廕,1
憗,1
逌,1
兪,1
秗,1
鸑,1
慥,1
簉,1
矰,1
氈,1
脹,1
蹠,1
穉,1
蠋,1
粧,1
樁,1
綴,1
啅,1
滶,1
茇,1
袐,1
嗏,1
悵,1
疢,1
橕,1
綢,1
麄,1
缞,1
炟,1
璫,1
窎,1
脰,1
闍,1
覩,1
鍛,1
軃,1
毦,1
発,1
轓,1
雰,1
漧,1
挌,1
玽,1
煹,1
迒,1
壺,1
沍,1
絙,1
鐄,1
膠,1
誱,1
兓,1
慬,1
鐻,1
罥,1
欬,1
冦,1
恇,1
磈,1
荖,1
犂,1
醨,1
憀,1
燐,1
醁,1
録,1
礞,1
緲,1
銘,1
驀,1
獏,1
侽,1
臲,1
幋,1
姵,1
骹,1
唚,1
趨,1
碏,1
髥,1
勷,1
磉,1
飋,1
硰,1
滳,1
瞫,1
膆,1
祘,1
粋,1
穂,1
稊,1
屇,1
塆,1
碔,1
巇,1
虩,1
煆,1
蝦,1
梟,1
綉,1
魖,1
碞,1
曮,1
贗,1
繄,1
酂,1
増,1
磳,1
詐,1
酙,1
嫃,1
锧,1
腫,1
囑,1
眝,1
絆,1
褾,1
徶,1
嶓,1
愽,1
厠,1
筴,1
秅,1
釵,1
攙,1
鋋,1
儭,1
歯,1
珫,1
鉏,1
篨,1
閦,1
齪,1
佽,1
欉,1
訑,1
噉,1
菿,1
琱,1
鯛,1
魀,1
崗,1
廾,1
闬,1
淊,1
秏,1
滈,1
郈,1
睆,1
鷬,1
緝,1
牮,1
膙,1
醬,1
絞,1
攪,1
澽,1
嵁,1
姱,1
蔾,1
瑮,1
曆,1
漻,1
繚,1
狑,1
癴,1
覼,1
駹,1
毷,1
緬,1
繆,1
擵,1
薿,1
哖,1
糥,1
嘔,1
呠,1
鵬,1
哱,1
堷,1
僕,1
镨,1
帢,1
趫,1
帩,1
鞧,1
蘘,1
壖,1
刪,1
蒒,1
贖,1
欶,1
騃,1
颼,1
熣,1
瑣,1
飸,1
哃,1
衕,1
鵚,1
兎,1
椀,1
烓,1
喴,1
齷,1
菥,1
焟,1
憙,1
绤,1
誸,1
焇,1
蕭,1
詨,1
諧,1
緤,1
睲,1
蟳,1
様,1
訳,1
骃,1
溁,1
縈,1
嫞,1
齬,1
猨,1
蹧,1
唶,1
盞,1
蹍,1
轍,1
淛,1
姫,1
覙,1
袠,1
擿,1
錐,1
耔,1
葅,1
譪,1
拝,1
粄,1
鯾,1
繽,1
桲,1
筞,1
镵,1
琩,1
煼,1
牚,1
鐺,1
乗,1
貙,1
廚,1
処,1
諔,1
涰,1
歠,1
攅,1
禂,1
踶,1
涷,1
迵,1
鈍,1
姶,1
羒,1
髴,1
冓,1
瘝,1
錧,1
矔,1
瓌,1
兯,1
釬,1
吰,1
阛,1
鹮,1
锽,1
鍠,1
湝,1
寖,1
婙,1
杦,1
抅,1
潏,1
勀,1
軦,1
楏,1
蝲,1
鞡,1
嘮,1
矋,1
籬,1
苙,1
璉,1
爧,1
飂,1
髏,1
廬,1
圞,1
踚,1
蓏,1
酕,1
脒,1
矊,1
臑,1
嬢,1
簰,1
鷿,1
僄,1
洴,1
帲,1
気,1
鹐,1
揵,1
鉆,1
塹,1
鄗,1
篋,1
嫀,1
欽,1
夋,1
峵,1
碝,1
颯,1
裇,1
鯊,1
卲,1
泩,1
澨,1
檡,1
糬,1
泝,1
痠,1
曇,1
綯,1
褅,1
貒,1
尫,1
靰,1
枲,1
蟢,1
潟,1
峽,1
諕,1
僊,1
俢,1
銊,1
烕,1
鴨,1
巗,1
讞,1
窯,1
誼,1
斁,1
勈,1
浟,1
娛,1
鋙,1
氳,1
蕓,1
臓,1
鲗,1
鄫,1
牐,1
秖,1
摯,1
螲,1
跓,1
妝,1
衠,1
剚,1
曖,1
瞹,1
盫,1
邲,1
倂,1
缽,1
駮,1
餔,1
鏟,1
瑺,1
珹,1
喫,1
裭,1
齣,1
豖,1
斶,1
骴,1
荅,1
啗,1
癚,1
隄,1
髢,1
菂,1
彫,1
啑,1
鼑,1
兠,1
枓,1
饾,1
敠,1
頞,1
弍,1
騑,1
蟦,1
剕,1
稃,1
榑,1
鵩,1
蝜,1
詌,1
筻,1
櫜,1
貢,1
熕,1
榾,1
噑,1
鶴,1
啈,1
鴻,1
撝,1
昬,1
吙,1
攲,1
覊,1
輯,1
劑,1
鐧,1
薦,1
僥,1
噭,1
厪,1
橸,1
璄,1
駉,1
娵,1
秬,1
玃,1
躩,1
埈,1
趷,1
鏗,1
刲,1
喹,1
醌,1
辢,1
梾,1
嬾,1
瓓,1
礧,1
孋,1
俍,1
恡,1
躪,1
囖,1
龒,1
镥,1
琭,1
嵂,1
傌,1
睌,1
蘪,1
袮,1
冖,1
覓,1
嗱,1
儾,1
疒,1
眤,1
褭,1
挵,1
鬅,1
郪,1
綺,1
遷,1
淺,1
鞦,1
鼽,1
綣,1
宍,1
楉,1
繖,1
翣,1
姍,1
遈,1
暏,1
襩,1
鉥,1
捒,1
穟,1
蓚,1
鞓,1
颋,1
熥,1
駝,1
騨,1
榅,1
覀,1
鸂,1
呺,1
銹,1
痃,1
喭,1
熖,1
鷃,1
钖,1
恞,1
迻,1
裛,1
曎,1
蒑,1
闉,1
穎,1
巊,1
訧,1
哊,1
俁,1
琙,1
蕰,1
醖,1
蠈,1
軫,1
鳷,1
幒,1
赒,1
呪,1
矚,1
髽,1
襈,1
妰,1
鷟,1
鲰,1
抝,1
媼,1
蚆,1
粃,1
猋,1
藨,1
莂,1
檳,1
癶,1
旵,1
兏,1
鋿,1
撦,1
摚,1
掁,1
黐,1
雔,1
芻,1
摐,1
瘡,1
綽,1
麤,1
蚮,1
黱,1
癉,1
筜,1
稲,1
彽,1
敁,1
絰,1
饤,1
鼕,1
簖,1
剟,1
椯,1
粫,1
眆,1
倣,1
髣,1
枌,1
仏,1
冨,1
鳆,1
絯,1
阬,1
茖,1
箇,1
浭,1
塨,1
蓇,1
颳,1
坬,1
蒄,1
珖,1
広,1
嘓,1
嘷,1
傐,1
兞,1
焃,1
嗃,1
翝,1
淴,1
搰,1
韄,1
譁,1
嫿,1
楻,1
繪,1
譓,1
撃,1
鷄,1
穄,1
頬,1
幵,1
冿,1
揀,1
聻,1
曒,1
斠,1
巹,1
菫,1
晉,1
逕,1
煚,1
虡,1
呟,1
玨,1
駃,1
馂,1
摃,1
軻,1
勊,1
歀,1
籄,1
壼,1
闌,1
簕,1
錅,1
爄,1
靂,1
漣,1
縺,1
膫,1
迾,1
醽,1
袊,1
巃,1
擼,1
蘆,1
顱,1
媢,1
脢,1
璊,1
冡,1
憫,1
耱,1
畝,1
幙,1
鮎,1
毆,1
搒,1
椪,1
狉,1
狓,1
屛,1
褀,1
唘,1
岍,1
墻,1
鄡,1
嵚,1
魼,1
鳈,1
孉,1
蠸,1
緌,1
鄀,1
弎,1
渉,1
嵵,1
捜,1
潚,1
澻,1
鐩,1
傞,1
蝪,1
騠,1
嚔,1
捵,1
脁,1
僣,1
桯,1
忳,1
碢,1
刓,1
愄,1
鰃,1
韡,1
抆,1
縰,1
幰,1
県,1
訫,1
騂,1
讻,1
敻,1
繡,1
鏽,1
俆,1
珝,1
卹,1
敍,1
続,1
諠,1
怰,1
昡,1
絢,1
壎,1
偱,1
馴,1
椏,1
硏,1
巚,1
龑,1
艶,1
灩,1
奍,1
餚,1
薬,1
蓺,1
曀,1
営,1
槱,1
藴,1
讃,1
橧,1
煠,1
輾,1
嚞,1
眐,1
篜,1
幀,1
値,1
瘃,1
燭,1
贅,1
禚,1
眥,1
嵕,1
罇,1
噯,1
靄,1
晻,1
覇,1
兡,1
朼,1
佖,1
愊,1
躄,1
辧,1
麃,1
鱉,1
癟,1
髆,1
僝,1
諂,1
廠,1
弨,1
巐,1
蛼,1
櫬,1
歭,1
漦,1
抶,1
鷘,1
搊,1
踀,1
牀,1
垐,1
巑,1
獕,1
眔,1
豋,1
鄧,1
廸,1
厎,1
眱,1
蹎,1
澱,1
矴,1
墥,1
対,1
頟,1
灋,1
繙,1
癈,1
翂,1
赗,1
怤,1
栿,1
雊,1
唃,1
関,1
俇,1
瞶,1
腂,1
猂,1
熯,1
皥,1
毼,1
詥,1
鬨,1
昒,1
佪,1
邩,1
耭,1
叚,1
殲,1
繭,1
膲,1
璬,1
錦,1
祲,1
浄,1
烱,1
崌,1
挙,1
爠,1
絹,1
鴂,1
覠,1
矙,1
槺,1
搕,1
鞚,1
懭,1
卼,1
餽,1
瀾,1
覧,1
畾,1
磥,1
壘,1
栃,1
隸,1
瀝,1
澪,1
瑬,1
綹,1
虜,1
瀂,1
睩,1
蔍,1
藘,1
寽,1
緑,1
恾,1
冃,1
醿,1
冺,1
瞐,1
抳,1
輦,1
孼,1
囁,1
嚀,1
紐,1
噥,1
穠,1
伮,1
矉,1
顰,1
甁,1
奤,1
踦,1
愒,1
譴,1
鏘,1
耹,1
淸,1
瓊,1
腃,1
慤,1
礐,1
铷,1
壡,1
鬖,1
槡,1
鮹,1
絁,1
餿,1
玊,1
遡,1
膸,1
歳,1
鏁,1
遝,1
弾,1
墵,1
矘,1
蝭,1
菾,1
覥,1
炵,1
馱,1
槖,1
跅,1
塭,1
洿,1
乄,1
阢,1
狶,1
觹,1
祫,1
胘,1
玁,1
綫,1
鑲,1
鮝,1
咲,1
衺,1
攜,1
褉,1
瀉,1
鉶,1
夐,1
獝,1
吅,1
矎,1
薫,1
鄩,1
犽,1
揅,1
鹽,1
鴈,1
僷,1
瞱,1
椸,1
觺,1
枻,1
殹,1
霬,1
埇,1
忬,1
悁,1
抈,1
畇,1
筼,1
隕,1
賬,1
侲,1
謢,1
鴙,1
擲,1
箒,1
晝,1
椓,1
牸,1
綜,1
珇,1
晬,1
啽,1
貋,1
鷔,1
昄,1
棓,1
骲,1
糒,1
禆,1
鷩,1
灬,1
驃,1
濱,1
瀕,1
抦,1
袚,1
浡,1
葧,1
埗,1
跴,1
懆,1
惻,1
査,1
懺,1
巣,1
謿,1
屮,1
茞,1
鉓,1
篘,1
籌,1
摴,1
瑏,1
惷,1
庛,1
啛,1
鴏,1
蜑,1
儅,1
蟷,1
苖,1
阺,1
呧,1
鈿,1
萣,1
働,1
読,1
讟,1
礬,1
馩,1
鏠,1
刜,1
柫,1
韨,1
襆,1
襥,1
郙,1
蜅,1
冮,1
皐,1
塥,1
獦,1
亙,1
兝,1
冎,1
剮,1
瞆,1
禬,1
盇,1
鋘,1
瑍,1
鱑,1
鮰,1
圂,1
喞,1
禨,1
譏,1
蝍,1
浹,1
鰜,1
鬋,1
踐,1
壃,1
菨,1
稭,1
尐,1
璥,1
弪,1
奺,1
鷲,1
眗,1
岠,1
跙,1
鉅,1
愳,1
鵑,1
睠,1
餋,1
晙,1
駿,1
摳,1
扝,1
睞,1
襴,1
籣,1
躝,1
覽,1
欖,1
撈,1
楽,1
儽,1
涙,1
碐,1
剺,1
犛,1
蠣,1
鬑,1
湅,1
憭,1
遼,1
挒,1
鱲,1
痳,1
驎,1
躙,1
琌,1
磂,1
珋,1
塿,1
玈,1
熝,1
膔,1
鋁,1
矕,1
苺,1
凂,1
濔,1
謀,1
娚,1
莻,1
晲,1
裊,1
躡,1
磗,1
硑,1
閛,1
澼,1
嚬,1
痡,1
镤,1
竒,1
璂,1
邔,1
嵰,1
嶈,1
駸,1
澿,1
頃,1
虯,1
渞,1
籧,1
辁,1
崅,1
韌,1
駥,1
簁,1
陝,1
傓,1
椫,1
紳,1
昚,1
榺,1
鰤,1
铈,1
兙,1
収,1
鄃,1
綀,1
婌,1
礵,1
駟,1
螋,1
驌,1
逤,1
闒,1
鞳,1
襨,1
怹,1
啴,1
赕,1
絛,1
脦,1
闐,1
覜,1
呫,1
嵉,1
穜,1
糰,1
頽,1
襪,1
芛,1
骫,1
唩,1
撾,1
禑,1
鷡,1
肸,1
唽,1
犠,1
酅,1
矖,1
孅,1
硍,1
嚮,1
屟,1
僁,1
褻,1
邤,1
舋,1
狌,1
煋,1
堐,1
篶,1
塩,1
巌,1
揜,1
檿,1
眏,1
昜,1
敭,1
鍚,1
楧,1
窰,1
騕,1
枼,1
馌,1
鹥,1
扅,1
頤,1
衵,1
軼,1
慭,1
覮,1
灐,1
楡,1
嶼,1
瘉,1
隩,1
鴥,1
鐭,1
伝,1
褞,1
腪,1
醩,1
鑿,1
柤,1
搾,1
饘,1
盄,1
詔,1
櫂,1
葴,1
掟,1
禃,1
躑,1
疐,1
泈,1
诪,1
紵,1
晫,1
胔,1
総,1
諏,1
捘,1
莋,1
岞,1
咗,1
啀,1
藹,1
垵,1
翺,1
岰,1
胈,1
媬,1
萡,1
琫,1
跰,1
柲,1
聛,1
詖,1
萹,1
儦,1
蟞,1
髩,1
鬢,1
偋,1
孹,1
埰,1
飡,1
慚,1
犲,1
湹,1
欃,1
漅,1
俥,1
磣,1
虰,1
誠,1
憕,1
鴟,1
鵄,1
糦,1
鶒,1
埫,1
紬,1
臅,1
巛,1
瑽,1
従,1
誎,1
縗,1
綷,1
竴,1
醝,1
迖,1
呾,1
逹,1
恴,1
滌,1
汈,1
凟,1
瀆,1
嚲,1
堮,1
齶,1
薾,1
邇,1
閥,1
販,1
奜,1
瀵,1
僼,1
鳯,1
玞,1
柎,1
衭,1
郂,1
亁,1
骭,1
棡,1
鴿,1
畊,1
骾,1
泒,1
罛,1
祻,1
観,1
鑵,1
撗,1
帰,1
烸,1
哻,1
甝,1
鋡,1
屽,1
蠔,1
抲,1
哬,1
鶡,1
閧,1
膴,1
楜,1
姡,1
蘹,1
狟,1
逥,1
瘣,1
諱,1
騞,1
臛,1
鳮,1
齎,1
蕀,1
覬,1
玾,1
鳽,1
澗,1
瞷,1
艦,1
鳉,1
挍,1
卩,1
詰,1
毑,1
觧,1
凚,1
痙,1
誩,1
捄,1
跔,1
鵙,1
鋸,1
瑴,1
蹷,1
戄,1
鈞,1
偘,1
墈,1
揢,1
嵑,1
鷇,1
梡,1
誆,1
媿,1
柆,1
庲,1
斕,1
壈,1
硠,1
朖,1
癆,1
貍,1
廲,1
娳,1
嗹,1
鬛,1
粦,1
隣,1
僯,1
懰,1
飀,1
罶,1
霤,1
漋,1
遱,1
磠,1
膢,1
攣,1
纙,1
霡,1
悗,1
汒,1
蠎,1
匁,1
貿,1
脄,1
愐,1
苠,1
莈,1
麰,1
莯,1
撓,1
筽,1
蒎,1
媻,1
蹣,1
伓,1
氕,1
頩,1
廹,1
慼,1
磜,1
繈,1
懃,1
搇,1
訄,1
唒,1
蠤,1
鼩,1
灈,1
牷,1
埢,1
亽,1
袇,1
姌,1
獽,1
壌,1
仭,1
驲,1
氄,1
楺,1
耎,1
喢,1
賖,1
舎,1
懾,1
腎,1
苼,1
蝨,1
鸀,1
涗,1
箾,1
虒,1
罳,1
罒,1
覗,1
睟,1
潠,1
簔,1
颱,1
铴,1
劏,1
鵜,1
洟,1
跕,1
驖,1
庝,1
膧,1
亠,1
猯,1
慱,1
蹆,1
蛻,1
焞,1
喎,1
睕,1
踠,1
硊,1
蒍,1
僞,1
煟,1
絻,1
暡,1
仴,1
鹀,1
睎,1
錫,1
塈,1
澙,1
嚱,1
轄,1
秈,1
銜,1
饗,1
嘐,1
謞,1
峫,1
脋,1
灺,1
伈,1
郉,1
蘐,1
娫,1
暘,1
颺,1
榚,1
葯,1
匜,1
柂,1
佁,1
帟,1
勚,1
獈,1
縊,1
檍,1
豷,1
饐,1
犾,1
珢,1
婬,1
鮣,1
巆,1
鞕,1
槦,1
噰,1
嚘,1
庮,1
铕,1
狖,1
砡,1
薁,1
蚖,1
蝯,1
矱,1
鈅,1
涢,1
雑,1
兂,1
柵,1
鳣,1
棧,1
埑,1
碪,1
裖,1
眹,1
箏,1
祬,1
抧,1
墆,1
礩,1
淍,1
謅,1
咮,1
僽,1
鋳,1
鵫,1
漬,1
棸,1
籫,1
祽,1
檇,1
餲,1
諳,1
洝,1
垇,1
癹,1
跁,1
挀,1
薭,1
褩,1
幇,1
牓,1
琲,1
柀,1
貶,1
虌,1
冫,1
馞,1
蘗,1
鳪,1
咘,1
戝,1
黲,1
凔,1
摻,1
闡,1
烢,1
諶,1
庱,1
恜,1
懤,1
櫉,1
鶵,1
舩,1
歂,1
汌,1
醕,1
逴,1
擉,1
茦,1
噈,1
皠,1
脃,1
墶,1
荙,1
躂,1
襶,1
酖,1
帎,1
窞,1
瓽,1
鍀,1
玓,1
嶳,1
蒧,1
窵,1
詄,1
颩,1
蕫,1
闘,1
竇,1
仛,1
喥,1
鐸,1
躱,1
鵞,1
蕚,1
陑,1
鲕,1
髪,1
訉,1
盕,1
坆,1
蚠,1
缻,1
帗,1
輻,1
姟,1
忋,1
汵,1
檊,1
矼,1
藳,1
筶,1
誥,1
裓,1
觡,1
菮,1
嗰,1
羾,1
簼,1
唂,1
軱,1
鮕,1
淈,1
騧,1
叧,1
罫,1
覌,1
閨,1
膭,1
庪,1
劊,1
彍,1
虷,1
鋎,1
雗,1
妔,1
籇,1
灴,1
宖,1
錿,1
鳠,1
糀,1
懐,1
壊,1
嚾,1
偟,1
揘,1
艎,1
穔,1
兤,1
榥,1
暉,1
睳,1
褘,1
噅,1
燬,1
橞,1
焝,1
偮,1
耤,1
鷑,1
鮆,1
檵,1
榎,1
葏,1
箋,1
緘,1
篯,1
梘,1
瞼,1
瀽,1
絳,1
畺,1
鵁,1
鷮,1
繳,1
譑,1
煯,1
鶛,1
刦,1
袺,1
枃,1
頚,1
冋,1
廄,1
砠,1
腒,1
駒,1
鴡,1
鶋,1
犑,1
怚,1
飬,1
屩,1
亅,1
趹,1
鶌,1
垰,1
鱇,1
邟,1
薖,1
頦,1
礚,1
渇,1
涳,1
瞉,1
絝,1
誑,1
鵟,1
鄈,1
煃,1
樻,1
鵾,1
霩,1
倈,1
顟,1
耮,1
塁,1
讄,1
鸓,1
棃,1
斄,1
砅,1
蒞,1
暦,1
鴗,1
犡,1
皪,1
礫,1
攦,1
慩,1
魎,1
竂,1
簝,1
浖,1
睙,1
鏻,1
廩,1
癝,1
鹠,1
耬,1
螻,1
鏤,1
滷,1
勠,1
踛,1
驢,1
哷,1
鵅,1
嫲,1
犘,1
祃,1
髳,1
嚰,1
呅,1
鋂,1
蝱,1
鯭,1
幎,1
濗,1
黽,1
蠠,1
謩,1
劘,1
慔,1
廼,1
褦,1
儗,1
惄,1
鸋,1
儂,1
笯,1
駑,1
鳑,1
麅,1
毰,1
漰,1
錋,1
翍,1
礕,1
闝,1
砯,1
帡,1
箁,1
掑,1
鵸,1
鶀,1
岒,1
扲,1
鉗,1
繾,1
斨,1
蹌,1
癿,1
嶔,1
抋,1
卭,1
瞏,1
逎,1
銶,1
岨,1
烇,1
韏,1
搉,1
羣,1
遶,1
魜,1
纴,1
鴽,1
醹,1
鱬,1
堧,1
愞,1
慅,1
氉,1
篸,1
幓,1
澘,1
晱,1
墠,1
殤,1
觴,1
虵,1
頣,1
瑡,1
旹,1
疎,1
橾,1
鮛,1
藷,1
誜,1
灀,1
糹,1
慫,1
訟,1
醙,1
藪,1
傃,1
鋉,1
飱,1
嗩,1
榙,1
涾,1
禢,1
痑,1
嘽,1
襢,1
舕,1
鞺,1
嵣,1
漟,1
赯,1
幍,1
匋,1
膯,1
謄,1
虅,1
恌,1
芀,1
蓨,1
鯈,1
誂,1
怗,1
鐡,1
楟,1
娗,1
氃,1
慟,1
敨,1
捸,1
鼵,1
鵌,1
迌,1
鵵,1
団,1
鏄,1
穨,1
黗,1
陁,1
紽,1
橢,1
搲,1
輓,1
嶶,1
痏,1
蔿,1
轀,1
猧,1
捰,1
弙,1
汚,1
扤,1
悮,1
忚,1
赥,1
搳,1
杴,1
纎,1
嫺,1
臽,1
僩,1
饟,1
啋,1
絏,1
夑,1
盺,1
諝,1
咺,1
眴,1
澩,1
吷,1
勛,1
潯,1
殾,1
崕,1
穵,1
莚,1
綖,1
扊,1
騐,1
炴,1
抭,1
鴢,1
敼,1
伇,1
忔,1
埶,1
歝,1
驛,1
粌,1
茚,1
癊,1
濴,1
矨,1
浧,1
廮,1
栐,1
滺,1
輶,1
紆,1
歈,1
羭,1
輿,1
悆,1
焴,1
蒮,1
繘,1
醧,1
鴛,1
鵷,1
厡,1
縁,1
羱,1
衏,1
禐,1
禴,1
篔,1
殞,1
磼,1
洅,1
灒,1
駔,1
歵,1
鋥,1
迊,1
齄,1
閘,1
醡,1
斎,1
嶦,1
桟,1
轏,1
窼,1
悊,1
殝,1
鍖,1
炡,1
聇,1
氶,1
坧,1
徏,1
銍,1
懫,1
鱄,1
籑,1
餟,1
稕,1
琸,1
叕,1
斵,1
鼒,1
鶅,1
齜,1
呰,1
胾,1
緅,1
踤,1
秨,1
筰,1
皚,1
僾,1
懝,1
侒,1
媕,1
柪,1
謷,1
鼇,1
芺,1
驁,1
哵,1
羓,1
朌,1
玤,1
桮,1
倴,1
綳,1
琣,1
疕,1
滭,1
箆,1
馝,1
鄨,1
贔,1
猵,1
爂,1
鑣,1
鼈,1
霦,1
陃,1
鉼,1
餠,1
蹳,1
胉,1
箥,1
鸔,1
箣,1
梣,1
笒,1
梴,1
蟬,1
嚵,1
瀺,1
懴,1
伡,1
迠,1
硩,1
謓,1
讖,1
朾,1
娍,1
筬,1
鋮,1
瀓,1
趍,1
胣,1
漴,1
鋤,1
檚,1
膗,1
窻,1
漘,1
踳,1
辤,1
餈,1
薋,1
朿,1
蟌,1
藂,1
趗,1
慛,1
膵,1
刐,1
撣,1
僤,1
襠,1
魛,1
惪,1
璒,1
鸐,1
諦,1
槙,1
巓,1
蜨,1
眰,1
奵,1
犢,1
靯,1
祋,1
懟,1
噸,1
朶,1
咢,1
堊,1
搤,1
児,1
耏,1
輀,1
餌,1
駬,1
刵,1
咡,1
旙,1
蠜,1
嬎,1
趽,1
婓,1
馡,1
厞,1
鼣,1
溄,1
犎,1
鄷,1
夆,1
覅,1
砆,1
荂,1
禣,1
輹,1
玍,1
峐,1
皯,1
鳡,1
贛,1
戇,1
餻,1
鼛,1
槀,1
犵,1
鞈,1
挭,1
鯁,1
厷,1
兣,1
耇,1
鼔,1
棝,1
鲴,1
焻,1
煱,1
緺,1
爟,1
椝,1
氿,1
垝,1
溎,1
鱖,1
鮌,1
圀,1
褁,1
駴,1
凾,1
暵,1
獆,1
皜,1
頜,1
覈,1
寉,1
脝,1
谾,1
耾,1
虖,1
芐,1
撶,1
觟,1
樺,1
寏,1
綄,1
貆,1
豲,1
渙,1
煥,1
瘓,1
瑝,1
晄,1
烣,1
賄,1
誨,1
暳,1
獩,1
謋,1
夻,1
筓,1
觭,1
韲,1
鶏,1
齏,1
彐,1
継,1
暩,1
薊,1
鵋,1
齌,1
癠,1
裌,1
莢,1
賈,1
麉,1
瑐,1
剣,1
瞯,1
摪,1
螀,1
醤,1
勦,1
撹,1
呌,1
皭,1
椄,1
刼,1
衱,1
迼,1
訐,1
吤,1
浕,1
賮,1
秔,1
鶄,1
麖,1
鼱,1
妌,1
脛,1
絅,1
鳩,1
倃,1
廐,1
洰,1
埧,1
焣,1
裐,1
鋗,1
砄,1
鐍,1
钁,1
箘,1
鉲,1
闓,1
忼,1
匼,1
桍,1
洭,1
蘷,1
躨,1
噋,1
鬎,1
攬,1
崀,1
唥,1
労,1
髝,1
韷,1
傫,1
礨,1
倰,1
謧,1
鯉,1
涖,1
凓,1
棙,1
癘,1
禲,1
溓,1
燫,1
瑓,1
纞,1
嵺,1
嶛,1
撛,1
澟,1
昤,1
掕,1
祾,1
軨,1
癅,1
蕯,1
聾,1
婁,1
溇,1
瓐,1
臚,1
纑,1
稑,1
賂,1
輅,1
簶,1
馿,1
氀,1
灤,1
癵,1
埨,1
禡,1
慲,1
澫,1
笀,1
蛖,1
枆,1
錨,1
鄮,1
甿,1
溕,1
夣,1
沕,1
覔,1
謐,1
簚,1
敃,1
僶,1
帞,1
眜,1
粖,1
纆,1
鉾,1
袦,1
抩,1
嚢,1
訥,1
鯢,1
柅,1
愵,1
秥,1
醸,1
聶,1
糱,1
寕,1
擰,1
濘,1
沑,1
膿,1
醲,1
癑,1
獳,1
儺,1
縏,1
鋬,1
礮,1
匉,1
弸,1
掽,1
磇,1
駓,1
礔,1
膍,1
篺,1
羆,1
媥,1
腁,1
縹,1
飃,1
皫,1
甹,1
荓,1
塀,1
缾,1
岥,1
砶,1
圤,1
蒱,1
錡,1
鲯,1
鬐,1
騹,1
裿,1
栔,1
摖,1
鉛,1
慳,1
鵮,1
忴,1
傔,1
棈,1
漒,1
薔,1
繦,1
鍬,1
趬,1
僑,1
蕎,1
陗,1
綅,1
儬,1
笻,1
璚,1
阹,1
粬,1
誳,1
髷,1
胊,1
覻,1
婘,1
毃,1
纕,1
懹,1
讱,1
扨,1
軔,1
鶔,1
韖,1
蕠,1
燸,1
扖,1
緛,1
瓀,1
溞,1
鳋,1
髞,1
琗,1
嗇,1
箑,1
篩,1
繕,1
慯,1
丄,1
弰,1
慴,1
蠂,1
柛,1
駪,1
邥,1
宷,1
剰,1
琞,1
鲺,1
鼫,1
揓,1
獣,1
杸,1
尗,1
鏣,1
閂,1
艭,1
鉰,1
餸,1
蓃,1
樕,1
蹜,1
夊,1
嵗,1
檖,1
璲,1
巺,1
惢,1
搨,1
毾,1
檯,1
罎,1
煻,1
偒,1
儻,1
縧,1
鞉,1
貣,1
漛,1
蹏,1
倎,1
鲖,1
偸,1
媮,1
鍮,1
鷵,1
摶,1
漙,1
湪,1
隤,1
旽,1
朜,1
芚,1
豘,1
咃,1
駞,1
鼃,1
邷,1
顡,1
抏,1
唍,1
盌,1
翫,1
錽,1
兦,1
忹,1
覣,1
椲,1
緯,1
鮪,1
衞,1
褽,1
輼,1
忟,1
穏,1
郚,1
莁,1
瑦,1
嵍,1
悕,1
渓,1
翖,1
徯,1
誒,1
豀,1
雟,1
觿,1
赩,1
谺,1
颬,1
廈,1
枮,1
衘,1
諴,1
尟,1
憲,1
錎,1
鼸,1
郷,1
啌,1
餉,1
龤,1
禼,1
屧,1
薢,1
躠,1
噺,1
娙,1
詾,1
诇,1
旴,1
盨,1
侐,1
翧,1
癬,1
铔,1
蕥,1
襾,1
婭,1
嵒,1
黤,1
曕,1
崵,1
煬,1
鸉,1
猺,1
仸,1
苭,1
鎁,1
擪,1
郼,1
毉,1
乁,1
誃,1
鏔,1
迆,1
苢,1
旑,1
兿,1
熤,1
繹,1
醷,1
韾,1
訔,1
龂,1
蟫,1
鷣,1
螾,1
媖,1
嚶,1
攖,1
鶯,1
鸚,1
溋,1
癰,1
傛,1
禜,1
鲉,1
牗,1
邘,1
歟,1
敔,1
魊,1
渕,1
獂,1
蚎,1
呍,1
抣,1
磒,1
枟,1
桚,1
鉔,1
鐕,1
偺,1
崱,1
苲,1
嶄,1
粻,1
佋,1
桭,1
鉁,1
癥,1
汦,1
淽,1
阤,1
柣,1
猘,1
跱,1
籦,1
煄,1
鸼,1
軸,1
縐,1
泏,1
秼,1
膞,1
転,1
膇,1
諄,1
斮,1
斀,1
灂,1
貲,1
稯,1
鬉,1
鏓,1
爼,1
鑚,1
嗺,1
蟕,1
酔,1
噂,1
溰,1
昹,1
硋,1
鴱,1
鑀,1
靉,1
鞌,1
鮟,1
岇,1
軪,1
镺,1
釟,1
瓪,1
湴,1
靽,1
垹,1
謗,1
寳,1
鑤,1
犕,1
誖,1
骳,1
賁,1
伻,1
祊,1
埲,1
塴,1
鵖,1
坒,1
煏,1
蓽,1
飶,1
罼,1
襅,1
廦,1
篳,1
躃,1
魓,1
覍,1
閞,1
頨,1
骉,1
臕,1
飈,1
汃,1
鬂,1
殯,1
栟,1
苪,1
竝,1
盋,1
碆,1
郣,1
瓟,1
猼,1
豰,1
簙,1
鎛,1
譒,1
峬,1
郶,1
喰,1
傪,1
慙,1
蠺,1
濸,1
鶬,1
敇,1
揷,1
鑔,1
紁,1
詫,1
喍,1
袃,1
幨,1
儃,1
幝,1
譂,1
锠,1
鼚,1
鱨,1
鄛,1
窲,1
鼂,1
麨,1
瞮,1
浾,1
頳,1
窚,1
碀,1
騁,1
粚,1
泜,1
遅,1
叺,1
徸,1
隀,1
皗,1
酧,1
薵,1
讐,1
蒭,1
幮,1
櫥,1
埱,1
歜,1
篅,1
鶨,1
牕,1
埀,1
鶞,1
犉,1
蓴,1
辵,1
娕,1
鷀,1
蛓,1
螆,1
囪,1
茐,1
楤,1
暰,1
聦,1
孮,1
輳,1
觕,1
憱,1
簒,1
鏙,1
趡,1
膬,1
顇,1
墫,1
澊,1
刌,1
籿,1
鹺,1
銼,1
剳,1
龘,1
紿,1
貸,1
靆,1
妉,1
単,1
勯,1
憺,1
簹,1
趤,1
璗,1
蘯,1
舠,1
禱,1
瓙,1
悳,1
嬁,1
鍉,1
嚁,1
詆,1
杕,1
逓,1
祶,1
蔕,1
蝃,1
遰,1
甋,1
齻,1
婰,1
鳭,1
藋,1
眣,1
耊,1
惵,1
臷,1
諜,1
铥,1
昸,1
埬,1
挏,1
湩,1
詷,1
剢,1
匵,1
贕,1
痽,1
譵,1
橔,1
躉,1
潡,1
挆,1
刴,1
墯,1
鵽,1
娿,1
涐,1
搹,1
僫,1
蝁,1
閼,1
貳,1
茷,1
藅,1
橎,1
仮,1
辺,1
奿,1
瓬,1
鶭,1
帉,1
鳻,1
燓,1
膹,1
盽,1
桻,1
猦,1
馮,1
湗,1
垺,1
鴀,1
妋,1
胕,1
鳺,1
糐,1
玸,1
虙,1
綍,1
鴔,1
鶝,1
弣,1
釡,1
焤,1
訃,1
蚹,1
萯,1
蕧,1
荄,1
摡,1
槪,1
瓂,1
粓,1
簳,1
紺,1
堽,1
鷎,1
菒,1
稾,1
祰,1
鴐,1
滆,1
鮯,1
轕,1
縆,1
喼,1
愩,1
鞏,1
撀,1
箛,1
轂,1
鶻,1
薣,1
鵠,1
怘,1
啩,1
炚,1
硄,1
瞡,1
鮭,1
鬶,1
佹,1
恑,1
觤,1
攰,1
撌,1
簂,1
襘,1
緄,1
謴,1
鈛,1
摑,1
頇,1
譀,1
鶾,1
椃,1
恏,1
欱,1
鉌,1
閡,1
爀,1
胻,1
渹,1
妅,1
谹,1
葓,1
晎,1
銾,1
翭,1
轷,1
雽,1
歑,1
瀫,1
鶦,1
滸,1
箎,1
枑,1
嫭,1
芲,1
婲,1
蘤,1
畵,1
褢,1
褱,1
闤,1
鐶,1
媓,1
廽,1
螝,1
阓,1
彚,1
璯,1
翽,1
譮,1
涽,1
惽,1
棔,1
鼲,1
掍,1
眓,1
掝,1
雘,1
瀖,1
矐,1
嗘,1
磯,1
賷,1
饑,1
羇,1
鸄,1
卽,1
塉,1
檝,1
濈,1
鶺,1
妀,1
惎,1
兾,1
痵,1
誋,1
鯽,1
鰶,1
抸,1
餄,1
鴶,1
斚,1
幏,1
熞,1
蕑,1
熸,1
覸,1
戩,1
儉,1
鰎,1
徤,1
臶,1
跈,1
榗,1
趝,1
諫,1
檻,1
鑒,1
鑬,1
勥,1
奬,1
夅,1
弶,1
嘄,1
轇,1
湬,1
餃,1
儌,1
矯,1
鱎,1
窌,1
敎,1
潐,1
釂,1
脻,1
昅,1
蛣,1
楬,1
擳,1
伒,1
煡,1
墐,1
濅,1
壗,1
贐,1
巠,1
鵛,1
鯨,1
丼,1
憼,1
俓,1
逈,1
浻,1
揫,1
麔,1
欍,1
泃,1
梮,1
艍,1
鮈,1
椈,1
毱,1
蹫,1
鵴,1
鼰,1
弆,1
齟,1
怇,1
窶,1
弮,1
勌,1
慻,1
撧,1
泬,1
焆,1
瘚,1
蕝,1
鴃,1
蟨,1
觼,1
鷢,1
汮,1
愷,1
鍇,1
栞,1
龕,1
冚,1
堿,1
欿,1
顑,1
砊,1
穅,1
匟,1
囥,1
銬,1
钶,1
醘,1
褃,1
硜,1
宼,1
簆,1
跍,1
俈,1
晇,1
旝,1
窽,1
抂,1
匱,1
謉,1
菎,1
鯤,1
稛,1
筈,1
髺,1
鞟,1
鞹,1
攋,1
櫴,1
鑞,1
徠,1
猍,1
騋,1
鶆,1
厱,1
懢,1
幱,1
囒,1
窂,1
哰,1
铹,1
朥,1
恅,1
砳,1
餎,1
虆,1
絫,1
癗,1
颣,1
纇,1
艃,1
樆,1
穲,1
鱧,1
屴,1
茘,1
悧,1
厤,1
歴,1
綟,1
濿,1
曞,1
盭,1
鷅,1
轣,1
靋,1
嫾,1
亷,1
籨,1
稴,1
澰,1
錬,1
瀲,1
簗,1
緉,1
膋,1
璙,1
挘,1
姴,1
烮,1
惏,1
麐,1
橉,1
朎,1
秢,1
魿,1
霝,1
齢,1
櫺,1
疁,1
瀏,1
鶹,1
栁,1
槞,1
蘢,1
壟,1
攏,1
竉,1
謱,1
鈩,1
艫,1
鸕,1
穋,1
濾,1
鏕,1
鯥,1
鵱,1
鷜,1
屢,1
垏,1
鑢,1
奱,1
鸞,1
擽,1
掄,1
鑼,1
臝,1
溤,1
売,1
顢,1
饅,1
蟎,1
娏,1
堥,1
夘,1
鉚,1
皃,1
冐,1
腜,1
挴,1
痗,1
穈,1
庬,1
霿,1
鸍,1
洣,1
冪,1
幦,1
媔,1
喕,1
葂,1
鮸,1
麫,1
媌,1
衊,1
怋,1
錉,1
閩,1
詺,1
謬,1
帓,1
眿,1
嗼,1
恈,1
鴾,1
牳,1
誽,1
妠,1
鈉,1
腉,1
枏,1
暔,1
碙,1
巎,1
抐,1
娞,1
腇,1
跜,1
儞,1
隬,1
氼,1
攆,1
卄,1
姩,1
踂,1
櫱,1
鑷,1
脌,1
儜,1
檸,1
寗,1
牜,1
憹,1
禯,1
譳,1
搙,1
餪,1
黁,1
梛,1
掿,1
糑,1
齵,1
眅,1
坢,1
肨,1
龎,1
鞄,1
阫,1
轡,1
恲,1
傰,1
塜,1
稝,1
樥,1
髼,1
剻,1
悂,1
椑,1
鵧,1
銢,1
諀,1
囨,1
楄,1
嬪,1
朩,1
淜,1
哣,1
鯆,1
迉,1
魌,1
斉,1
蚔,1
棊,1
愭,1
踑,1
簱,1
呇,1
唭,1
碶,1
薺,1
礘,1
冾,1
竏,1
婜,1
撁,1
羬,1
騝,1
灊,1
鰬,1
篏,1
篬,1
錆,1
廧,1
檣,1
羥,1
撽,1
躈,1
苆,1
鳹,1
鑋,1
焭,1
鰍,1
殏,1
盚,1
醔,1
鮂,1
搝,1
筁,1
嶇,1
軥,1
璖,1
螶,1
躣,1
竘,1
闃,1
覰,1
啳,1
汱,1
硞,1
皵,1
闕,1
峮,1
嘫,1
繎,1
儴,1
蕘,1
嬈,1
忈,1
朲,1
鵀,1
肕,1
靭,1
靱,1
馹,1
栄,1
毧,1
羢,1
髶,1
軵,1
禸,1
渘,1
輮,1
桇,1
袽,1
鄏,1
蝡,1
輭,1
蕋,1
鋭,1
捼,1
钑,1
鈒,1
濏,1
瀒,1
槮,1
襂,1
鬙,1
挱,1
翜,1
彡,1
蔪,1
煔,1
覢,1
饍,1
愓,1
娋,1
檨,1
罙,1
堔,1
鲹,1
瀋,1
鵿,1
邿,1
鸤,1
葹,1
褷,1
溡,1
蒔,1
榯,1
鼭,1
眂,1
徥,1
諟,1
鏉,1
樞,1
薥,1
咰,1
蒁,1
尌,1
竪,1
腨,1
鷞,1
蕣,1
鬊,1
鼶,1
佀,1
嵷,1
凁,1
囌,1
藗,1
髄,1
埣,1
煫,1
誶,1
襚,1
繸,1
槂,1
鶽,1
摍,1
暛,1
咜,1
蹹,1
誻,1
嚃,1
鞜,1
鈦,1
溙,1
憻,1
坣,1
啺,1
橖,1
鶶,1
夲,1
韜,1
蜪,1
檮,1
鼟,1
籘,1
銻,1
碮,1
鶗,1
酟,1
鷏,1
睼,1
岧,1
銕,1
鴩,1
閮,1
鼮,1
侹,1
乭,1
痌,1
妵,1
唋,1
葖,1
鋵,1
図,1
腯,1
圗,1
鶟,1
鷋,1
剸,1
鷒,1
涒,1
魠,1
岮,1
駄,1
驒,1
鼉,1
楕,1
鋄,1
鎫,1
彺,1
渨,1
葨,1
癐,1
湋,1
溈,1
琟,1
煒,1
蜲,1
薳,1
韙,1
苿,1
叞,1
硙,1
媦,1
瑥,1
砇,1
鴍,1
鼤,1
莬,1
渂,1
萵,1
踒,1
腛,1
瞃,1
鄔,1
歍,1
誣,1
螐,1
鴮,1
珷,1
屼,1
霚,1
屗,1
琋,1
厀,1
鵗,1
嶍,1
趘,1
槢,1
謵,1
霫,1
鰼,1
漇,1
諰,1
纚,1
餼,1
鬩,1
僲,1
嬐,1
憸,1
廯,1
襳,1
伭,1
嫻,1
憪,1
醎,1
癇,1
烍,1
娨,1
粯,1
餡,1
鄊,1
薌,1
鯗,1
姠,1
蟓,1
痟,1
綃,1
簘,1
蟏,1
蠨,1
涍,1
傚,1
膎,1
燲,1
擷,1
鞵,1
藛,1
屓,1
嶰,1
爕,1
蠏,1
阠,1
箵,1
鈃,1
鋞,1
恟,1
臹,1
髤,1
珛,1
蒣,1
湑,1
伵,1
壻,1
蜁,1
嫙,1
暅,1
楥,1
鞙,1
繏,1
鷽,1
狘,1
勲,1
廵,1
桪,1
燖,1
璕,1
漄,1
唖,1
掗,1
姸,1
沇,1
匽,1
甗,1
鶠,1
鬳,1
爓,1
灔,1
讌,1
胦,1
崸,1
慃,1
瀁,1
倄,1
嗂,1
摿,1
眑,1
筄,1
鷂,1
礏,1
鵺,1
禕,1
杝,1
袘,1
貽,1
彛,1
鸃,1
鳦,1
輢,1
螘,1
檥,1
秇,1
詍,1
鹝,1
圛,1
艗,1
贀,1
囈,1
鷧,1
垔,1
溵,1
唫,1
崟,1
櫽,1
憖,1
桜,1
甖,1
孆,1
罌,1
譻,1
纓,1
盁,1
颕,1
悀,1
踴,1
怞,1
莤,1
魷,1
峟,1
伃,1
酑,1
崳,1
魣,1
覦,1
礖,1
鰅,1
鸆,1
祤,1
鄅,1
萮,1
飫,1
馭,1
稢,1
噊,1
鳿,1
蘛,1
鸒,1
灪,1
籲,1
葾,1
蒬,1
鳶,1
駌,1
鼘,1
汋,1
粵,1
鉞,1
鸙,1
蒀,1
囩,1
荺,1
縕,1
帀,1
烖,1
扗,1
鄼,1
囋,1
賍,1
贓,1
贜,1
弉,1
瞔,1
鸅,1
鰂,1
熷,1
皻,1
鉙,1
飦,1
黵,1
輚,1
涱,1
鉊,1
肁,1
矺,1
粍,1
輒,1
銸,1
讁,1
遉,1
獉,1
縝,1
揕,1
蜄,1
鴆,1
黮,1
佂,1
汥,1
徔,1
墌,1
馽,1
縶,1
蹢,1
帋,1
庤,1
偫,1
紩,1
幟,1
瓆,1
騺,1
鑕,1
汷,1
蔠,1
鼨,1
祍,1
喌,1
荮,1
噣,1
籕,1
櫫,1
茿,1
竚,1
膼,1
諯,1
囀,1
縋,1
醊,1
埻,1
蠿,1
諑,1
禌,1
頾,1
杍,1
胏,1
腙,1
朡,1
翪,1
搃,1
摠,1
縂,1
郰,1
哫,1
崪,1
劗,1
噿,1
鷷,1
椊,1
岝,1
袏,1
厑,1
濭,1
伌,1
壒,1
嬡,1
懓,1
譺,1
痷,1
誝,1
韽,1
隌,1
厫,1
翶,1
襖,1
朳,1
玐,1
夿,1
壩,1
欛,1
鞁,1
螁,1
螌,1
姅,1
幚,1
鎊,1
勹,1
闁,1
鴇,1
袌,1
鉋,1
靤,1
髱,1
虣,1
喺,1
昁,1
偹,1
軰,1
渀,1
錛,1
捹,1
鎞,1
佊,1
胇,1
梐,1
湢,1
彃,1
熚,1
幤,1
獘,1
牑,1
炞,1
峅,1
辡,1
艑,1
淲,1
瀌,1
飇,1
龞,1
襒,1
儐,1
臏,1
仌,1
眪,1
窉,1
棅,1
垪,1
傡,1
誁,1
僠,1
鈸,1
壆,1
襏,1
犦,1
蚾,1
轐,1
踄,1
篰,1
倸,1
縩,1
叄,1
螥,1
賶,1
曺,1
蓸,1
襙,1
畟,1
萗,1
膥,1
扱,1
臿,1
偛,1
艖,1
祡,1
裧,1
獑,1
毚,1
鄽,1
儳,1
壥,1
纒,1
剗,1
繟,1
摲,1
椙,1
镸,1
甞,1
蟐,1
厰,1
韔,1
樔,1
仯,1
觘,1
唓,1
奲,1
揨,1
蔯,1
贂,1
趂,1
爯,1
赬,1
檉,1
鏿,1
脭,1
徎,1
悜,1
彨,1
噄,1
攡,1
耛,1
肔,1
拸,1
灻,1
憏,1
翤,1
趩,1
饎,1
浺,1
緟,1
揰,1
銃,1
儔,1
疇,1
躊,1
偢,1
殠,1
齼,1
竌,1
欪,1
絀,1
傗,1
鄐,1
滀,1
儊,1
圌,1
猭,1
暷,1
荈,1
牎,1
傸,1
萅,1
暙,1
瑃,1
箺,1
櫄,1
陙,1
湻,1
偆,1
嚽,1
鴜,1
礠,1
佌,1
皉,1
忩,1
徖,1
謥,1
瘄,1
躥,1
欑,1
篹,1
槯,1
磪,1
翆,1
臎,1
韃,1
軑,1
軚,1
柦,1
禫,1
饏,1
讜,1
氹,1
婸,1
碭,1
簜,1
闣,1
屶,1
翢,1
衜,1
燾,1
揼,1
埞,1
鏑,1
唙,1
靮,1
豴,1
鯳,1
弚,1
坔,1
俤,1
埊,1
啇,1
媂,1
墑,1
摕,1
傎,1
顚,1
驔,1
扚,1
蓧,1
畳,1
殜,1
艓,1
氎,1
嚸,1
薡,1
椗,1
聣,1
錠,1
菄,1
鯟,1
諌,1
霘,1
吺,1
阧,1
鈄,1
酘,1
鋀,1
斣,1
醏,1
櫝,1
殰,1
韇,1
黷,1
帾,1
殬,1
鍍,1
塅,1
磓,1
墪,1
伅,1
踲,1
敪,1
挅,1
陊,1
桗,1
跥,1
妿,1
魤,1
砈,1
戹,1
阸,1
呝,1
砐,1
悪,1
遻,1
顎,1
鶚,1
奀,1
仒,1
乻,1
旕,1
峏,1
洏,1
鮞,1
誀,1
疺,1
瞂,1
罸,1
琺,1
犿,1
嬏,1
憣,1
颿,1
舤,1
緐,1
膰,1
薠,1
羳,1
鷭,1
払,1
滼,1
嬔,1
旊,1
裶,1
誹,1
昲,1
疿,1
萉,1
廃,1
鈖,1
蒶,1
幩,1
魵,1
鼖,1
豶,1
弅,1
琒,1
灃,1
麷,1
浲,1
摓,1
覂,1
瓰,1
坲,1
麩,1
懯,1
畐,1
紱,1
紼,1
葍,1
鳧,1
踾,1
癁,1
俌,1
捬,1
盙,1
緮,1
鍑,1
猤,1
侅,1
鎅,1
迀,1
尶,1
鱤,1
羙,1
夰,1
鎬,1
峼,1
戓,1
謌,1
呄,1
佮,1
愅,1
鉻,1
焿,1
鹒,1
緪,1
峺,1
綆,1
堩,1
杛,1
碽,1
髸,1
龏,1
龔,1
拲,1
贑,1
韝,1
耉,1
耈,1
蚼,1
茩,1
訽,1
軲,1
篐,1
鴣,1
啒,1
硲,1
糓,1
餶,1
盬,1
頋,1
錮,1
絓,1
叏,1
萖,1
鰥,1
輨,1
躀,1
摜,1
罆,1
侊,1
茪,1
銧,1
獷,1
臦,1
胿,1
亀,1
窐,1
嬀,1
陒,1
攱,1
墎,1
幗,1
咍,1
酼,1
嚡,1
谽,1
肣,1
浛,1
浫,1
豃,1
琀,1
銲,1
蚢,1
昦,1
悎,1
暭,1
皡,1
顥,1
籺,1
澕,1
魺,1
皬,1
袔,1
齃,1
靎,1
靏,1
潶,1
拫,1
鸻,1
鵆,1
叿,1
焢,1
鍧,1
綋,1
鋐,1
霟,1
黌,1
嗊,1
鍭,1
匢,1
曶,1
匫,1
嘑,1
抇,1
蔛,1
螜,1
乕,1
綔,1
嫮,1
蔰,1
槴,1
磆,1
鷨,1
杹,1
崋,1
摦,1
繣,1
瀤,1
峘,1
熿,1
韹,1
騜,1
皩,1
洃,1
詼,1
幑,1
翬,1
囘,1
囬,1
譭,1
恵,1
嘒,1
槥,1
薈,1
檜,1
篲,1
闠,1
孈,1
葷,1
睧,1
餛,1
繉,1
慁,1
諢,1
剨,1
蒦,1
曤,1
銈,1
嘰,1
憿,1
隮,1
譤,1
鐖,1
鞿,1
鑙,1
亼,1
忣,1
郆,1
皍,1
觙,1
卙,1
焏,1
趌,1
銡,1
嶯,1
轚,1
鱾,1
穖,1
芶,1
旣,1
萕,1
懻,1
泇,1
郟,1
戞,1
蛺,1
徦,1
椵,1
鉀,1
檟,1
惤,1
豜,1
蕳,1
殱,1
揃,1
弿,1
筧,1
絸,1
襇,1
襉,1
鹼,1
剱,1
袸,1
釼,1
賎,1
磵,1
螿,1
繮,1
槳,1
摾,1
嶕,1
嶣,1
笅,1
踋,1
撟,1
敽,1
訆,1
擑,1
卪,1
岊,1
嵥,1
鉣,1
頡,1
忦,1
衸,1
犗,1
繲,1
琻,1
漌,1
侭,1
僸,1
殣,1
嚍,1
藎,1
覲,1
猄,1
穽,1
幜,1
桱,1
踁,1
竸,1
侰,1
綗,1
僒,1
煛,1
乆,1
乣,1
舏,1
蜛,1
狊,1
湨,1
僪,1
蘜,1
鶪,1
擧,1
欅,1
昛,1
粔,1
耟,1
埾,1
駏,1
懅,1
颶,1
簴,1
躆,1
臇,1
獧,1
趉,1
憰,1
镼,1
蟩,1
欔,1
貜,1
蚐,1
碅,1
皹,1
銞,1
鲪,1
麏,1
燇,1
鵔,1
鵕,1
鐦,1
愾,1
歁,1
轗,1
丂,1
胢,1
樖,1
嶱,1
敤,1
娔,1
肎,1
錹,1
劥,1
挳,1
鍞,1
躻,1
彄,1
窛,1
郀,1
髖,1
筺,1
軭,1
儣,1
壙,1
黋,1
懬,1
穬,1
聧,1
巋,1
戣,1
虁,1
頍,1
蹞,1
尯,1
嘳,1
嬇,1
蜫,1
褌,1
萿,1
濶,1
藞,1
嚹,1
鯻,1
棶,1
麳,1
賚,1
頼,1
鵣,1
藾,1
灡,1
钄,1
浨,1
壏,1
爤,1
灠,1
樃,1
粩,1
浶,1
嶗,1
蟧,1
蛯,1
橑,1
軂,1
阞,1
蔂,1
樏,1
櫑,1
蠝,1
頪,1
錑,1
脷,1
筣,1
盠,1
嚟,1
邌,1
鑗,1
驪,1
鸝,1
峛,1
朸,1
悷,1
蛠,1
鉝,1
蜧,1
巁,1
礪,1
酈,1
奩,1
覝,1
噒,1
聨,1
濓,1
蹥,1
嬚,1
裲,1
湸,1
煷,1
屪,1
豂,1
爎,1
尦,1
劽,1
猟,1
脟,1
暽,1
繗,1
翷,1
壣,1
懍,1
悋,1
疄,1
藺,1
刢,1
姈,1
彾,1
砱,1
紷,1
詅,1
裬,1
綾,1
欞,1
阾,1
蟉,1
藰,1
餾,1
驑,1
翏,1
磟,1
嶐,1
巄,1
鏧,1
霳,1
曨,1
礱,1
贚,1
矑,1
籚,1
罏,1
髗,1
樐,1
擄,1
淕,1
廘,1
摝,1
錴,1
騼,1
閭,1
梠,1
焒,1
繂,1
曫,1
臠,1
畧,1
侖,1
圇,1
綸,1
錀,1
腡,1
覶,1
騾,1
笿,1
蟇,1
衇,1
霢,1
樠,1
縵,1
杗,1
哤,1
鋩,1
壾,1
毜,1
愗,1
蝐,1
唜,1
珻,1
塺,1
槑,1
攟,1
鎂,1
黣,1
跊,1
煝,1
菛,1
雺,1
氋,1
矒,1
饛,1
懜,1
冞,1
禰,1
麛,1
爢,1
羋,1
渳,1
孊,1
宻,1
淧,1
婂,1
櫋,1
偭,1
玅,1
庿,1
旼,1
盿,1
崏,1
勄,1
閔,1
敯,1
覭,1
慏,1
嚤,1
嚩,1
歿,1
枺,1
砞,1
袹,1
藦,1
鏌,1
礳,1
洠,1
氁,1
畒,1
胟,1
萺,1
楘,1
丆,1
鎿,1
乸,1
雫,1
渿,1
遖,1
揇,1
戁,1
婻,1
灢,1
峱,1
詉,1
嫐,1
鯘,1
屔,1
蚭,1
掜,1
鉨,1
胒,1
堄,1
嫟,1
縌,1
嬺,1
涊,1
蹨,1
艌,1
枿,1
惗,1
菍,1
嵲,1
槷,1
嚙,1
闑,1
蠥,1
拰,1
寜,1
炄,1
繷,1
啂,1
鎒,1
籹,1
釹,1
衂,1
瘧,1
稬,1
懧,1
夞,1
熰,1
鷗,1
腢,1
漚,1
皅,1
舥,1
掱,1
帊,1
袙,1
鎃,1
沗,1
蠭,1
炐,1
垉,1
爮,1
伂,1
笩,1
梈,1
軯,1
竼,1
槰,1
憉,1
鬔,1
喸,1
旇,1
錍,1
阰,1
腗,1
鲏,1
渒,1
嚊,1
鶣,1
骿,1
駢,1
覑,1
彯,1
旚,1
翲,1
魒,1
撆,1
竮,1
蚲,1
幈,1
蓱,1
蛢,1
凴,1
檘,1
簈,1
溌,1
醱,1
鏺,1
嘙,1
謈,1
尀,1
駊,1
岶,1
敀,1
洦,1
蒪,1
犃,1
兺,1
抪,1
墣,1
纀,1
倛,1
朞,1
褄,1
磎,1
斊,1
軝,1
粸,1
懠,1
騏,1
蠐,1
婍,1
晵,1
呮,1
暣,1
磧,1
磩,1
罊,1
跒,1
愘,1
圲,1
汘,1
鈆,1
雃,1
僉,1
檶,1
攐,1
攓,1
鬝,1
乹,1
銭,1
橬,1
黚,1
濳,1
膁,1
刋,1
蔳,1
篟,1
猐,1
嗴,1
瑲,1
蔃,1
蘠,1
熗,1
墝,1
繑,1
嘺,1
譙,1
鞽,1
顦,1
韒,1
悏,1
藒,1
琹,1
梫,1
赾,1
撳,1
瀙,1
氫,1
軽,1
殑,1
暒,1
惸,1
睘,1
竆,1
藭,1
媝,1
蓲,1
趥,1
扏,1
觓,1
紌,1
釚,1
絿,1
蛷,1
浀,1
駆,1
敺,1
斪,1
葋,1
鸜,1
竬,1
閴,1
峑,1
湶,1
搼,1
瑔,1
跧,1
巏,1
甽,1
牶,1
埆,1
趞,1
鵲,1
囕,1
躟,1
譲,1
紉,1
訒,1
絍,1
腍,1
芿,1
囸,1
嫆,1
嵤,1
傇,1
媃,1
蝚,1
帤,1
蒘,1
曘,1
杁,1
鳰,1
縟,1
偄,1
腝,1
蜹,1
閏,1
渃,1
焫,1
摋,1
馺,1
毢,1
顋,1
僿,1
矂,1
洓,1
銫,1
澁,1
懎,1
轖,1
鏼,1
萐,1
簛,1
圸,1
烻,1
痁,1
嘇,1
蟺,1
贍,1
鐥,1
灗,1
鱔,1
漡,1
恦,1
焼,1
旓,1
髾,1
摵,1
蔎,1
姺,1
峷,1
眒,1
葠,1
訷,1
蓡,1
鯓,1
魫,1
呏,1
湦,1
鱦,1
貹,1
浉,1
釃,1
笶,1
鉂,1
忕,1
呩,1
柹,1
睗,1
鈰,1
謚,1
籂,1
襫,1
瓧,1
綬,1
夀,1
柕,1
瑹,1
踈,1
潻,1
荗,1
滝,1
鑠,1
泀,1
禠,1
銯,1
颸,1
価,1
梩,1
飤,1
蕼,1
儩,1
柗,1
蜙,1
愯,1
駷,1
廀,1
獀,1
洬,1
梀,1
粛,1
塐,1
榡,1
縤,1
橚,1
謖,1
荾,1
滖,1
鞖,1
瀡,1
砕,1
脺,1
賥,1
繀,1
搎,1
猻,1
趖,1
琑,1
鎻,1
鎼,1
溹,1
狧,1
嚺,1
濌,1
闥,1
譶,1
珆,1
炲,1
粏,1
潬,1
譠,1
醓,1
鐋,1
磄,1
篖,1
餳,1
仐,1
瑫,1
鞱,1
迯,1
鞀,1
畓,1
鋱,1
幐,1
偍,1
珶,1
惿,1
趧,1
鍗,1
鴺,1
挮,1
戻,1
掦,1
惖,1
揥,1
歒,1
籊,1
婖,1
甛,1
窴,1
淟,1
賟,1
錪,1
樤,1
宨,1
晀,1
聑,1
庁,1
艼,1
蝏,1
脡,1
濎,1
晍,1
浵,1
秱,1
鉖,1
斢,1
湥,1
峹,1
捈,1
梌,1
瘏,1
跿,1
莵,1
蓷,1
脮,1
娧,1
駾,1
臋,1
畽,1
扡,1
汑,1
拕,1
侻,1
挩,1
捝,1
彵,1
萚,1
徍,1
畖,1
啘,1
攨,1
瓲,1
韈,1
岏,1
捖,1
埦,1
綩,1
綰,1
杤,1
尣,1
尩,1
莣,1
蛧,1
盳,1
揋,1
揻,1
峗,1
峞,1
洈,1
喡,1
闈,1
癓,1
骩,1
愇,1
骪,1
諉,1
軎,1
菋,1
緭,1
餧,1
鏏,1
蘶,1
昷,1
珳,1
脗,1
妏,1
脕,1
螉,1
聬,1
罋,1
涹,1
蝸,1
婐,1
楃,1
鎢,1
鰞,1
娪,1
璑,1
俉,1
娬,1
廡,1
潕,1
甒,1
岉,1
矹,1
蘁,1
卥,1
屖,1
蒠,1
熈,1
豯,1
蠵,1
漝,1
飁,1
騽,1
葈,1
鈢,1
暿,1
卌,1
欯,1
釳,1
慀,1
綌,1
隟,1
熂,1
闟,1
閕,1
硤,1
筪,1
舝,1
蕸,1
縖,1
赮,1
圷,1
佡,1
嘕,1
銛,1
鍂,1
韱,1
鶱,1
鱻,1
蛝,1
撏,1
鷴,1
毨,1
禒,1
顕,1
蘚,1
涀,1
絤,1
撊,1
糮,1
驤,1
晑,1
蠁,1
缿,1
萫,1
曏,1
襐,1
鐌,1
侾,1
宯,1
蟂,1
簫,1
髐,1
鷍,1
驍,1
暁,1
皢,1
恔,1
熽,1
劦,1
恊,1
熁,1
擕,1
蝢,1
襭,1
伳,1
徢,1
焎,1
紲,1
噧,1
韰,1
鈊,1
嬜,1
脪,1
銒,1
莕,1
塂,1
緈,1
嬹,1
忷,1
樇,1
滫,1
璓,1
裦,1
揟,1
蝑,1
詡,1
垿,1
訹,1
槒,1
稸,1
緖,1
鱮,1
萲,1
琁,1
暶,1
袨,1
颴,1
鏇,1
塤,1
揗,1
樳,1
燂,1
卂,1
伨,1
侚,1
狥,1
賐,1
顨,1
孲,1
圠,1
亜,1
閹,1
臙,1
黫,1
郔,1
狿,1
嵓,1
楌,1
厳,1
乵,1
椼,1
硽,1
黬,1
黶,1
醼,1
饜,1
鍈,1
氜,1
佒,1
坱,1
傟,1
葽,1
媱,1
颻,1
岆,1
殀,1
詏,1
曣,1
潱,1
亱,1
洂,1
楪,1
曄,1
曅,1
燁,1
擖,1
澲,1
謁,1
擫,1
壱,1
瑿,1
鷖,1
黳,1
瓵,1
詒,1
跠,1
飴,1
彜,1
謻,1
攺,1
崺,1
伿,1
劮,1
坄,1
耴,1
呹,1
俋,1
帠,1
浂,1
唈,1
垼,1
浳,1
豙,1
湙,1
詣,1
膉,1
靾,1
槸,1
黓,1
墿,1
嬟,1
瞖,1
褹,1
鶂,1
蘙,1
鷾,1
齸,1
乚,1
歅,1
冘,1
乑,1
泿,1
蔩,1
齦,1
淾,1
靷,1
飮,1
懚,1
珱,1
愥,1
绬,1
噟,1
鷪,1
塋,1
藀,1
瀠,1
櫿,1
籝,1
籯,1
梬,1
潁,1
嗈,1
牅,1
廱,1
惥,1
彮,1
泑,1
瀀,1
肬,1
怣,1
斿,1
偤,1
鈾,1
鮋,1
湵,1
蜏,1
牰,1
亴,1
亐,1
釪,1
隃,1
牏,1
艅,1
蕍,1
諛,1
澞,1
鮽,1
匬,1
铻,1
噳,1
喐,1
喩,1
罭,1
嶎,1
銉,1
稶,1
澦,1
諭,1
儥,1
礇,1
饇,1
驈,1
籞,1
欝,1
鬰,1
囦,1
黿,1
褑,1
噮,1
曱,1
戉,1
恱,1
蚏,1
龥,1
熅,1
蝹,1
溳,1
喗,1
馻,1
齫,1
惲,1
醞,1
韗,1
溨,1
睵,1
賳,1
傤,1
酨,1
儹,1
賛,1
瓉,1
鏨,1
塟,1
傮,1
璅,1
煰,1
皟,1
簀,1
襗,1
謮,1
齰,1
譖,1
繒,1
譄,1
箚,1
皼,1
甴,1
蚻,1
鍘,1
灹,1
夈,1
趈,1
噡,1
薝,1
氊,1
旜,1
鱣,1
鸇,1
琖,1
橏,1
蔁,1
鱆,1
麞,1
鐣,1
瞕,1
妱,1
瑵,1
枛,1
旐,1
歽,1
砓,1
謺,1
鍺,1
栕,1
寊,1
眕,1
紾,1
聄,1
診,1
黰,1
賑,1
鎭,1
揁,1
錚,1
抍,1
諍,1
衼,1
秪,1
搘,1
凪,1
恉,1
洔,1
疻,1
藢,1
俧,1
洷,1
乿,1
秷,1
觗,1
貭,1
槜,1
瘈,1
覟,1
櫛,1
櫍,1
躓,1
鷙,1
伀,1
彸,1
炂,1
喠,1
珘,1
婤,1
輈,1
賙,1
睭,1
粙,1
詋,1
籒,1
劯,1
絑,1
瀦,1
笁,1
劚,1
斸,1
钃,1
陼,1
羜,1
鉒,1
霔,1
専,1
鄟,1
蟤,1
孨,1
竱,1
庒,1
騅,1
鵻,1
沝,1
甀,1
硾,1
錣,1
礈,1
轛,1
訰,1
槕,1
彴,1
丵,1
梲,1
硺,1
撯,1
謶,1
籗,1
栥,1
葘,1
緇,1
趦,1
鎡,1
秄,1
釨,1
訿,1
榟,1
芓,1
惾,1
緃,1
騣,1
鯮,1
蓗,1
菆,1
棷,1
鄒,1
稡,1
箤,1
濢,1
枠,1
絊,1
繓,1
飵,1